customer_id,customer_name,email,city,state,signup_date
"C001","Ayaan Chopra","ayaan.chopra1@retailiq.in","Delhi","Delhi NCR","2024-01-09"
"C002","Advaith Singh","advaith.singh2@retailiq.in","Kolkata","West Bengal","2024-01-09"
"C003","Gauri Bhat","gauri.bhat3@retailiq.in","Lucknow","Uttar Pradesh","2024-01-04"
"C004","Riya Kumar","riya.kumar4@retailiq.in","Mumbai","Maharashtra","2024-01-04"
"C005","Deepika Mishra","deepika.mishra5@retailiq.in","Pune","Maharashtra","2024-01-10"
"C006","Suresh Rao","suresh.rao6@retailiq.in","Jaipur","Rajasthan","2024-01-26"
"C007","Deepak Yadav","deepak.yadav7@retailiq.in","Bangalore","Karnataka","2024-01-09"
"C008","Reyansh Joshi","reyansh.joshi8@retailiq.in","Chennai","Tamil Nadu","2024-01-06"
"C009","Pranav Mukherjee","pranav.mukherjee9@retailiq.in","Ahmedabad","Gujarat","2024-01-02"
"C010","Diya Verma","diya.verma10@retailiq.in","Hyderabad","Telangana","2024-01-10"
"C011","Priya Sharma","priya.sharma11@retailiq.in","Delhi","Delhi NCR","2024-01-02"
"C012","Sneha Mehta","sneha.mehta12@retailiq.in","Kolkata","West Bengal","2024-01-06"
"C013","Rohit Gupta","rohit.gupta13@retailiq.in","Lucknow","Uttar Pradesh","2024-01-05"
"C014","Karan Deshmukh","karan.deshmukh14@retailiq.in","Mumbai","Maharashtra","2024-01-25"
"C015","Sai Reddy","sai.reddy15@retailiq.in","Pune","Maharashtra","2024-01-06"
"C016","Advik Pandey","advik.pandey16@retailiq.in","Jaipur","Rajasthan","2024-01-26"
"C017","Ananya Iyer","ananya.iyer17@retailiq.in","Bangalore","Karnataka","2024-01-02"
"C018","Pooja Saxena","pooja.saxena18@retailiq.in","Chennai","Tamil Nadu","2024-02-25"
"C019","Roshni Nair","roshni.nair19@retailiq.in","Ahmedabad","Gujarat","2024-01-06"
"C020","Rahul Patel","rahul.patel20@retailiq.in","Hyderabad","Telangana","2024-01-09"
"C021","Sunil Chopra","sunil.chopra21@retailiq.in","Delhi","Delhi NCR","2024-03-07"
"C022","Arjun Singh","arjun.singh22@retailiq.in","Kolkata","West Bengal","2024-01-14"
"C023","Atharv Bhat","atharv.bhat23@retailiq.in","Lucknow","Uttar Pradesh","2024-01-14"
"C024","Rithvik Kumar","rithvik.kumar24@retailiq.in","Mumbai","Maharashtra","2024-01-02"
"C025","Navya Mishra","navya.mishra25@retailiq.in","Pune","Maharashtra","2024-01-30"
"C026","Meera Rao","meera.rao26@retailiq.in","Jaipur","Rajasthan","2024-04-03"
"C027","Manish Yadav","manish.yadav27@retailiq.in","Bangalore","Karnataka","2024-01-03"
"C028","Sanjay Joshi","sanjay.joshi28@retailiq.in","Chennai","Tamil Nadu","2024-01-01"
"C029","Vihaan Mukherjee","vihaan.mukherjee29@retailiq.in","Ahmedabad","Gujarat","2024-01-01"
"C030","Shaurya Verma","shaurya.verma30@retailiq.in","Hyderabad","Telangana","2024-01-26"
"C031","Kabir Sharma","kabir.sharma31@retailiq.in","Delhi","Delhi NCR","2024-01-24"
"C032","Khushi Mehta","khushi.mehta32@retailiq.in","Kolkata","West Bengal","2024-01-12"
"C033","Anushka Gupta","anushka.gupta33@retailiq.in","Lucknow","Uttar Pradesh","2024-01-02"
"C034","Swati Deshmukh","swati.deshmukh34@retailiq.in","Mumbai","Maharashtra","2024-03-07"
"C035","Rajesh Reddy","rajesh.reddy35@retailiq.in","Pune","Maharashtra","2024-01-17"
"C036","Aditya Pandey","aditya.pandey36@retailiq.in","Jaipur","Rajasthan","2024-04-19"
"C037","Ishaan Iyer","ishaan.iyer37@retailiq.in","Bangalore","Karnataka","2024-01-08"
"C038","Dhruv Saxena","dhruv.saxena38@retailiq.in","Chennai","Tamil Nadu","2024-01-04"
"C039","Kavya Nair","kavya.nair39@retailiq.in","Ahmedabad","Gujarat","2024-04-11"
"C040","Tanvi Patel","tanvi.patel40@retailiq.in","Hyderabad","Telangana","2024-01-20"
"C041","Lakshmi Chopra","lakshmi.chopra41@retailiq.in","Delhi","Delhi NCR","2024-01-09"
"C042","Vikram Singh","vikram.singh42@retailiq.in","Kolkata","West Bengal","2024-02-20"
"C043","Vivaan Bhat","vivaan.bhat43@retailiq.in","Lucknow","Uttar Pradesh","2024-01-16"
"C044","Krishna Kumar","krishna.kumar44@retailiq.in","Mumbai","Maharashtra","2024-02-23"
"C045","Aaryan Mishra","aaryan.mishra45@retailiq.in","Pune","Maharashtra","2024-03-29"
"C046","Isha Rao","isha.rao46@retailiq.in","Jaipur","Rajasthan","2024-02-06"
"C047","Saanvi Yadav","saanvi.yadav47@retailiq.in","Bangalore","Karnataka","2024-01-07"
"C048","Neha Joshi","neha.joshi48@retailiq.in","Chennai","Tamil Nadu","2024-02-28"
"C049","Amit Mukherjee","amit.mukherjee49@retailiq.in","Ahmedabad","Gujarat","2024-01-06"
"C050","Aarav Verma","aarav.verma50@retailiq.in","Hyderabad","Telangana","2024-02-13"
"C051","Ayaan Sharma","ayaan.sharma51@retailiq.in","Delhi","Delhi NCR","2024-01-29"
"C052","Advaith Mehta","advaith.mehta52@retailiq.in","Kolkata","West Bengal","2024-01-21"
"C053","Gauri Gupta","gauri.gupta53@retailiq.in","Lucknow","Uttar Pradesh","2024-02-15"
"C054","Riya Deshmukh","riya.deshmukh54@retailiq.in","Mumbai","Maharashtra","2024-02-21"
"C055","Deepika Reddy","deepika.reddy55@retailiq.in","Pune","Maharashtra","2024-03-06"
"C056","Suresh Pandey","suresh.pandey56@retailiq.in","Jaipur","Rajasthan","2024-02-14"
"C057","Deepak Iyer","deepak.iyer57@retailiq.in","Bangalore","Karnataka","2024-04-04"
"C058","Reyansh Saxena","reyansh.saxena58@retailiq.in","Chennai","Tamil Nadu","2024-01-15"
"C059","Pranav Nair","pranav.nair59@retailiq.in","Ahmedabad","Gujarat","2024-02-02"
"C060","Diya Patel","diya.patel60@retailiq.in","Hyderabad","Telangana","2024-01-04"
"C061","Priya Chopra","priya.chopra61@retailiq.in","Delhi","Delhi NCR","2024-01-31"
"C062","Sneha Singh","sneha.singh62@retailiq.in","Kolkata","West Bengal","2024-01-16"
"C063","Rohit Bhat","rohit.bhat63@retailiq.in","Lucknow","Uttar Pradesh","2024-01-12"
"C064","Karan Kumar","karan.kumar64@retailiq.in","Mumbai","Maharashtra","2024-02-17"
"C065","Sai Mishra","sai.mishra65@retailiq.in","Pune","Maharashtra","2024-02-19"
"C066","Advik Rao","advik.rao66@retailiq.in","Jaipur","Rajasthan","2024-01-03"
"C067","Ananya Yadav","ananya.yadav67@retailiq.in","Bangalore","Karnataka","2024-03-01"
"C068","Pooja Joshi","pooja.joshi68@retailiq.in","Chennai","Tamil Nadu","2024-02-20"
"C069","Roshni Mukherjee","roshni.mukherjee69@retailiq.in","Ahmedabad","Gujarat","2024-03-18"
"C070","Rahul Verma","rahul.verma70@retailiq.in","Hyderabad","Telangana","2024-04-10"
"C071","Sunil Sharma","sunil.sharma71@retailiq.in","Delhi","Delhi NCR","2024-01-22"
"C072","Arjun Mehta","arjun.mehta72@retailiq.in","Kolkata","West Bengal","2024-01-19"
"C073","Atharv Gupta","atharv.gupta73@retailiq.in","Lucknow","Uttar Pradesh","2024-01-05"
"C074","Rithvik Deshmukh","rithvik.deshmukh74@retailiq.in","Mumbai","Maharashtra","2024-01-15"
"C075","Navya Reddy","navya.reddy75@retailiq.in","Pune","Maharashtra","2024-01-20"
"C076","Meera Pandey","meera.pandey76@retailiq.in","Jaipur","Rajasthan","2024-01-05"
"C077","Manish Iyer","manish.iyer77@retailiq.in","Bangalore","Karnataka","2024-01-03"
"C078","Sanjay Saxena","sanjay.saxena78@retailiq.in","Chennai","Tamil Nadu","2024-02-06"
"C079","Vihaan Nair","vihaan.nair79@retailiq.in","Ahmedabad","Gujarat","2024-01-07"
"C080","Shaurya Patel","shaurya.patel80@retailiq.in","Hyderabad","Telangana","2024-01-01"
"C081","Kabir Chopra","kabir.chopra81@retailiq.in","Delhi","Delhi NCR","2024-01-23"
"C082","Khushi Singh","khushi.singh82@retailiq.in","Kolkata","West Bengal","2024-02-19"
"C083","Anushka Bhat","anushka.bhat83@retailiq.in","Lucknow","Uttar Pradesh","2024-02-11"
"C084","Swati Kumar","swati.kumar84@retailiq.in","Mumbai","Maharashtra","2024-01-25"
"C085","Rajesh Mishra","rajesh.mishra85@retailiq.in","Pune","Maharashtra","2024-01-23"
"C086","Aditya Rao","aditya.rao86@retailiq.in","Jaipur","Rajasthan","2024-01-18"
"C087","Ishaan Yadav","ishaan.yadav87@retailiq.in","Bangalore","Karnataka","2024-01-01"
"C088","Dhruv Joshi","dhruv.joshi88@retailiq.in","Chennai","Tamil Nadu","2024-01-19"
"C089","Kavya Mukherjee","kavya.mukherjee89@retailiq.in","Ahmedabad","Gujarat","2024-01-11"
"C090","Tanvi Verma","tanvi.verma90@retailiq.in","Hyderabad","Telangana","2024-01-16"
"C091","Lakshmi Sharma","lakshmi.sharma91@retailiq.in","Delhi","Delhi NCR","2024-02-12"
"C092","Vikram Mehta","vikram.mehta92@retailiq.in","Kolkata","West Bengal","2024-01-03"
"C093","Vivaan Gupta","vivaan.gupta93@retailiq.in","Lucknow","Uttar Pradesh","2024-01-23"
"C094","Krishna Deshmukh","krishna.deshmukh94@retailiq.in","Mumbai","Maharashtra","2024-01-11"
"C095","Aaryan Reddy","aaryan.reddy95@retailiq.in","Pune","Maharashtra","2024-01-22"
"C096","Isha Pandey","isha.pandey96@retailiq.in","Jaipur","Rajasthan","2024-05-31"
"C097","Saanvi Iyer","saanvi.iyer97@retailiq.in","Bangalore","Karnataka","2024-01-07"
"C098","Neha Saxena","neha.saxena98@retailiq.in","Chennai","Tamil Nadu","2024-01-11"
"C099","Amit Nair","amit.nair99@retailiq.in","Ahmedabad","Gujarat","2024-01-21"
"C100","Aarav Patel","aarav.patel100@retailiq.in","Hyderabad","Telangana","2024-01-18"
"C101","Ayaan Chopra","ayaan.chopra101@retailiq.in","Delhi","Delhi NCR","2024-02-11"
"C102","Advaith Singh","advaith.singh102@retailiq.in","Kolkata","West Bengal","2024-01-13"
"C103","Gauri Bhat","gauri.bhat103@retailiq.in","Lucknow","Uttar Pradesh","2024-01-07"
"C104","Riya Kumar","riya.kumar104@retailiq.in","Mumbai","Maharashtra","2024-01-14"
"C105","Deepika Mishra","deepika.mishra105@retailiq.in","Pune","Maharashtra","2024-02-27"
"C106","Suresh Rao","suresh.rao106@retailiq.in","Jaipur","Rajasthan","2024-03-01"
"C107","Deepak Yadav","deepak.yadav107@retailiq.in","Bangalore","Karnataka","2024-01-13"
"C108","Reyansh Joshi","reyansh.joshi108@retailiq.in","Chennai","Tamil Nadu","2024-01-04"
"C109","Pranav Mukherjee","pranav.mukherjee109@retailiq.in","Ahmedabad","Gujarat","2024-01-30"
"C110","Diya Verma","diya.verma110@retailiq.in","Hyderabad","Telangana","2024-02-03"
"C111","Priya Sharma","priya.sharma111@retailiq.in","Delhi","Delhi NCR","2024-01-22"
"C112","Sneha Mehta","sneha.mehta112@retailiq.in","Kolkata","West Bengal","2024-01-15"
"C113","Rohit Gupta","rohit.gupta113@retailiq.in","Lucknow","Uttar Pradesh","2024-01-08"
"C114","Karan Deshmukh","karan.deshmukh114@retailiq.in","Mumbai","Maharashtra","2024-03-21"
"C115","Sai Reddy","sai.reddy115@retailiq.in","Pune","Maharashtra","2024-01-01"
"C116","Advik Pandey","advik.pandey116@retailiq.in","Jaipur","Rajasthan","2024-01-21"
"C117","Ananya Iyer","ananya.iyer117@retailiq.in","Bangalore","Karnataka","2024-02-13"
"C118","Pooja Saxena","pooja.saxena118@retailiq.in","Chennai","Tamil Nadu","2024-01-30"
"C119","Roshni Nair","roshni.nair119@retailiq.in","Ahmedabad","Gujarat","2024-01-18"
"C120","Rahul Patel","rahul.patel120@retailiq.in","Hyderabad","Telangana","2024-01-30"