product_id,product_name,category,cost_price,base_price
"P001","Laptop","Electronics","25000","45000"
"P002","Smartphone","Electronics","12000","22000"
"P003","Headphones","Electronics","1500","3500"
"P004","Smartwatch","Electronics","3000","6000"
"P005","Monitor","Electronics","7000","14000"
"P006","T-Shirt","Fashion","200","600"
"P007","Jeans","Fashion","600","1800"
"P008","Sneakers","Fashion","1000","2800"
"P009","Jacket","Fashion","1200","3500"
"P010","Saree","Fashion","900","2800"
"P011","Sofa","Furniture","8000","18000"
"P012","Dining Table","Furniture","5000","12000"
"P013","Office Chair","Furniture","2500","5500"
"P014","Bed Frame","Furniture","6000","15000"
"P015","Rice 5kg","Grocery","200","350"
"P016","Cooking Oil","Grocery","150","250"
"P017","Coffee Beans","Grocery","300","550"
"P018","Python Book","Books","250","600"
"P019","Fiction Novel","Books","120","300"
"P020","Business Strategy","Books","350","800"