order_item_id,order_id,product_id,quantity,unit_price,discount,line_total,profit
"OI0001","O0001","P017","3","550","0.1","1485","585"
"OI0002","O0002","P009","2","3500","0","7000","4600"
"OI0003","O0003","P017","1","550","0","550","250"
"OI0004","O0004","P003","1","3500","0.05","3325","1825"
"OI0005","O0005","P014","1","15000","0.05","14250","8250"
"OI0006","O0006","P019","1","300","0.15","255","135"
"OI0007","O0007","P007","1","1800","0.15","1530","930"
"OI0008","O0008","P015","3","350","0","1050","450"
"OI0009","O0009","P010","1","2800","0.05","2660","1760"
"OI0010","O0010","P012","1","12000","0.05","11400","6400"
"OI0011","O0011","P014","1","15000","0.15","12750","6750"
"OI0012","O0012","P004","2","6000","0","12000","6000"
"OI0013","O0013","P003","1","3500","0","3500","2000"
"OI0014","O0014","P002","1","22000","0.05","20900","8900"
"OI0015","O0015","P003","2","3500","0","7000","4000"
"OI0016","O0016","P014","1","15000","0.15","12750","6750"
"OI0017","O0017","P003","2","3500","0","7000","4000"
"OI0018","O0018","P008","2","2800","0.1","5040","3040"
"OI0019","O0019","P014","1","15000","0.05","14250","8250"
"OI0020","O0020","P016","4","250","0","1000","400"
"OI0021","O0021","P012","1","12000","0.1","10800","5800"
"OI0022","O0022","P013","1","5500","0","5500","3000"
"OI0023","O0023","P004","2","6000","0","12000","6000"
"OI0024","O0024","P005","1","14000","0.15","11900","4900"
"OI0025","O0025","P010","2","2800","0","5600","3800"
"OI0026","O0026","P008","1","2800","0.1","2520","1520"
"OI0027","O0027","P019","1","300","0","300","180"
"OI0028","O0028","P012","1","12000","0.05","11400","6400"
"OI0029","O0029","P005","1","14000","0.15","11900","4900"
"OI0030","O0030","P004","1","6000","0.15","5100","2100"
"OI0031","O0031","P001","1","45000","0","45000","20000"
"OI0032","O0032","P012","1","12000","0.05","11400","6400"
"OI0033","O0033","P004","1","6000","0.1","5400","2400"
"OI0034","O0034","P014","1","15000","0","15000","9000"
"OI0035","O0035","P006","4","600","0","2400","1600"
"OI0036","O0036","P013","2","5500","0","11000","6000"
"OI0037","O0037","P002","1","22000","0.15","18700","6700"
"OI0038","O0038","P005","1","14000","0.1","12600","5600"
"OI0039","O0039","P004","1","6000","0.15","5100","2100"
"OI0040","O0040","P014","1","15000","0","15000","9000"
"OI0041","O0041","P020","4","800","0.15","2720","1320"
"OI0042","O0042","P002","1","22000","0","22000","10000"
"OI0043","O0043","P005","1","14000","0","14000","7000"
"OI0044","O0044","P005","1","14000","0.05","13300","6300"
"OI0045","O0045","P020","1","800","0.1","720","370"
"OI0046","O0046","P011","1","18000","0.05","17100","9100"
"OI0047","O0047","P002","1","22000","0.15","18700","6700"
"OI0048","O0048","P012","1","12000","0.1","10800","5800"
"OI0049","O0049","P002","1","22000","0.1","19800","7800"
"OI0050","O0050","P001","1","45000","0.05","42750","17750"
"OI0051","O0051","P013","2","5500","0.1","9900","4900"
"OI0052","O0052","P012","1","12000","0.15","10200","5200"
"OI0053","O0053","P002","1","22000","0.05","20900","8900"
"OI0054","O0054","P010","1","2800","0.05","2660","1760"
"OI0055","O0055","P007","2","1800","0.05","3420","2220"
"OI0056","O0056","P013","1","5500","0.15","4675","2175"
"OI0057","O0057","P012","1","12000","0.1","10800","5800"
"OI0058","O0058","P005","1","14000","0.15","11900","4900"
"OI0059","O0059","P009","2","3500","0","7000","4600"
"OI0060","O0060","P005","1","14000","0","14000","7000"
"OI0061","O0061","P014","1","15000","0.15","12750","6750"
"OI0062","O0062","P018","4","600","0","2400","1400"
"OI0063","O0063","P012","1","12000","0.05","11400","6400"
"OI0064","O0064","P012","1","12000","0","12000","7000"
"OI0065","O0065","P010","2","2800","0","5600","3800"
"OI0066","O0066","P012","1","12000","0","12000","7000"
"OI0067","O0067","P002","1","22000","0.15","18700","6700"
"OI0068","O0068","P004","2","6000","0","12000","6000"
"OI0069","O0069","P002","1","22000","0.05","20900","8900"
"OI0070","O0070","P005","1","14000","0.05","13300","6300"
"OI0071","O0071","P020","2","800","0.05","1520","820"
"OI0072","O0072","P012","1","12000","0","12000","7000"
"OI0073","O0073","P018","2","600","0.1","1080","580"
"OI0074","O0074","P011","1","18000","0","18000","10000"
"OI0075","O0075","P020","2","800","0.15","1360","660"
"OI0076","O0076","P011","1","18000","0.05","17100","9100"
"OI0077","O0077","P011","1","18000","0.1","16200","8200"
"OI0078","O0078","P004","1","6000","0.15","5100","2100"
"OI0079","O0079","P002","1","22000","0","22000","10000"
"OI0080","O0080","P019","2","300","0","600","360"
"OI0081","O0081","P001","1","45000","0","45000","20000"
"OI0082","O0082","P013","2","5500","0","11000","6000"
"OI0083","O0083","P003","1","3500","0","3500","2000"
"OI0084","O0084","P007","2","1800","0.05","3420","2220"
"OI0085","O0085","P005","1","14000","0.05","13300","6300"
"OI0086","O0086","P001","1","45000","0","45000","20000"
"OI0087","O0087","P013","2","5500","0","11000","6000"
"OI0088","O0088","P014","1","15000","0.05","14250","8250"
"OI0089","O0089","P012","1","12000","0.15","10200","5200"
"OI0090","O0090","P012","1","12000","0","12000","7000"
"OI0091","O0091","P020","1","800","0.1","720","370"
"OI0092","O0092","P004","1","6000","0.15","5100","2100"
"OI0093","O0093","P001","1","45000","0.15","38250","13250"
"OI0094","O0094","P009","1","3500","0","3500","2300"
"OI0095","O0095","P015","1","350","0","350","150"
"OI0096","O0096","P003","1","3500","0","3500","2000"
"OI0097","O0097","P002","1","22000","0.1","19800","7800"
"OI0098","O0098","P018","2","600","0.05","1140","640"
"OI0099","O0099","P005","1","14000","0.1","12600","5600"
"OI0100","O0100","P012","1","12000","0.1","10800","5800"
"OI0101","O0101","P014","1","15000","0.05","14250","8250"
"OI0102","O0102","P008","2","2800","0.05","5320","3320"
"OI0103","O0103","P005","1","14000","0","14000","7000"
"OI0104","O0104","P002","1","22000","0","22000","10000"
"OI0105","O0105","P005","1","14000","0.15","11900","4900"
"OI0106","O0106","P015","4","350","0","1400","600"
"OI0107","O0107","P002","1","22000","0.1","19800","7800"
"OI0108","O0108","P012","1","12000","0","12000","7000"
"OI0109","O0109","P012","1","12000","0","12000","7000"
"OI0110","O0110","P002","1","22000","0","22000","10000"
"OI0111","O0111","P003","2","3500","0","7000","4000"
"OI0112","O0112","P001","1","45000","0.1","40500","15500"
"OI0113","O0113","P005","1","14000","0","14000","7000"
"OI0114","O0114","P019","2","300","0.05","570","330"
"OI0115","O0115","P009","2","3500","0","7000","4600"
"OI0116","O0116","P008","2","2800","0","5600","3600"
"OI0117","O0117","P004","1","6000","0.05","5700","2700"
"OI0118","O0118","P018","1","600","0.15","510","260"
"OI0119","O0119","P010","1","2800","0","2800","1900"
"OI0120","O0120","P003","1","3500","0","3500","2000"
"OI0121","O0121","P017","3","550","0.1","1485","585"
"OI0122","O0122","P018","1","600","0.1","540","290"
"OI0123","O0123","P002","1","22000","0.05","20900","8900"
"OI0124","O0124","P005","1","14000","0","14000","7000"
"OI0125","O0125","P013","2","5500","0","11000","6000"
"OI0126","O0126","P014","1","15000","0.15","12750","6750"
"OI0127","O0127","P012","1","12000","0.05","11400","6400"
"OI0128","O0128","P001","1","45000","0.05","42750","17750"
"OI0129","O0129","P002","1","22000","0","22000","10000"
"OI0130","O0130","P010","1","2800","0","2800","1900"
"OI0131","O0131","P011","1","18000","0","18000","10000"
"OI0132","O0132","P012","1","12000","0","12000","7000"
"OI0133","O0133","P008","2","2800","0.05","5320","3320"
"OI0134","O0134","P010","1","2800","0","2800","1900"
"OI0135","O0135","P001","1","45000","0","45000","20000"
"OI0136","O0136","P001","1","45000","0","45000","20000"
"OI0137","O0137","P011","1","18000","0.15","15300","7300"
"OI0138","O0138","P011","1","18000","0","18000","10000"
"OI0139","O0139","P009","1","3500","0","3500","2300"
"OI0140","O0140","P007","1","1800","0","1800","1200"
"OI0141","O0141","P012","1","12000","0","12000","7000"
"OI0142","O0142","P006","2","600","0.05","1140","740"
"OI0143","O0143","P011","1","18000","0.1","16200","8200"
"OI0144","O0144","P010","2","2800","0.05","5320","3520"
"OI0145","O0145","P005","1","14000","0.05","13300","6300"
"OI0146","O0146","P010","1","2800","0.05","2660","1760"
"OI0147","O0147","P009","2","3500","0","7000","4600"
"OI0148","O0148","P019","4","300","0.15","1020","540"
"OI0149","O0149","P006","2","600","0.15","1020","620"
"OI0150","O0150","P007","1","1800","0.05","1710","1110"
"OI0151","O0151","P017","1","550","0","550","250"
"OI0152","O0152","P006","4","600","0","2400","1600"
"OI0153","O0153","P006","4","600","0.1","2160","1360"
"OI0154","O0154","P018","4","600","0.05","2280","1280"
"OI0155","O0155","P006","1","600","0","600","400"
"OI0156","O0156","P013","2","5500","0.15","9350","4350"
"OI0157","O0157","P008","2","2800","0.05","5320","3320"
"OI0158","O0158","P014","1","15000","0","15000","9000"
"OI0159","O0159","P008","1","2800","0.15","2380","1380"
"OI0160","O0160","P013","2","5500","0.05","10450","5450"
"OI0161","O0161","P007","2","1800","0","3600","2400"
"OI0162","O0162","P006","3","600","0","1800","1200"
"OI0163","O0163","P007","2","1800","0","3600","2400"
"OI0164","O0164","P001","1","45000","0","45000","20000"
"OI0165","O0165","P008","2","2800","0.15","4760","2760"
"OI0166","O0166","P005","1","14000","0.1","12600","5600"
"OI0167","O0167","P001","1","45000","0.1","40500","15500"
"OI0168","O0168","P001","1","45000","0.05","42750","17750"
"OI0169","O0169","P005","1","14000","0.05","13300","6300"
"OI0170","O0170","P003","1","3500","0","3500","2000"
"OI0171","O0171","P003","2","3500","0.15","5950","2950"
"OI0172","O0172","P007","1","1800","0","1800","1200"
"OI0173","O0173","P007","2","1800","0.1","3240","2040"
"OI0174","O0174","P014","1","15000","0.1","13500","7500"
"OI0175","O0175","P006","2","600","0","1200","800"
"OI0176","O0176","P001","1","45000","0","45000","20000"
"OI0177","O0177","P009","2","3500","0","7000","4600"
"OI0178","O0178","P015","2","350","0","700","300"
"OI0179","O0179","P010","1","2800","0.1","2520","1620"
"OI0180","O0180","P014","1","15000","0","15000","9000"
"OI0181","O0181","P012","1","12000","0.1","10800","5800"
"OI0182","O0182","P020","4","800","0.1","2880","1480"
"OI0183","O0183","P012","1","12000","0","12000","7000"
"OI0184","O0184","P008","2","2800","0.05","5320","3320"
"OI0185","O0185","P004","1","6000","0.1","5400","2400"
"OI0186","O0186","P009","2","3500","0.05","6650","4250"
"OI0187","O0187","P010","1","2800","0.1","2520","1620"
"OI0188","O0188","P008","2","2800","0.05","5320","3320"
"OI0189","O0189","P004","2","6000","0","12000","6000"
"OI0190","O0190","P018","3","600","0.15","1530","780"
"OI0191","O0191","P011","1","18000","0.1","16200","8200"
"OI0192","O0192","P007","2","1800","0","3600","2400"
"OI0193","O0193","P004","1","6000","0.1","5400","2400"
"OI0194","O0194","P006","3","600","0.15","1530","930"
"OI0195","O0195","P013","2","5500","0","11000","6000"
"OI0196","O0196","P004","2","6000","0.1","10800","4800"
"OI0197","O0197","P013","1","5500","0.15","4675","2175"
"OI0198","O0198","P013","1","5500","0","5500","3000"
"OI0199","O0199","P019","3","300","0.1","810","450"
"OI0200","O0200","P005","1","14000","0.05","13300","6300"
"OI0201","O0201","P006","4","600","0.15","2040","1240"
"OI0202","O0202","P019","1","300","0.05","285","165"
"OI0203","O0203","P010","1","2800","0.1","2520","1620"
"OI0204","O0204","P020","3","800","0.05","2280","1230"
"OI0205","O0205","P001","1","45000","0.1","40500","15500"
"OI0206","O0206","P004","1","6000","0.05","5700","2700"
"OI0207","O0207","P014","1","15000","0","15000","9000"
"OI0208","O0208","P006","4","600","0.05","2280","1480"
"OI0209","O0209","P004","1","6000","0.15","5100","2100"
"OI0210","O0210","P005","1","14000","0","14000","7000"
"OI0211","O0211","P012","1","12000","0.15","10200","5200"
"OI0212","O0212","P006","4","600","0","2400","1600"
"OI0213","O0213","P006","4","600","0.15","2040","1240"
"OI0214","O0214","P005","1","14000","0","14000","7000"
"OI0215","O0215","P001","1","45000","0.1","40500","15500"
"OI0216","O0216","P013","2","5500","0","11000","6000"
"OI0217","O0217","P007","2","1800","0","3600","2400"
"OI0218","O0218","P013","1","5500","0","5500","3000"
"OI0219","O0219","P005","1","14000","0.1","12600","5600"
"OI0220","O0220","P004","1","6000","0","6000","3000"
"OI0221","O0221","P004","2","6000","0.05","11400","5400"
"OI0222","O0222","P003","1","3500","0.05","3325","1825"
"OI0223","O0223","P015","3","350","0.1","945","345"
"OI0224","O0224","P013","2","5500","0.05","10450","5450"
"OI0225","O0225","P004","1","6000","0","6000","3000"
"OI0226","O0226","P010","2","2800","0","5600","3800"
"OI0227","O0227","P003","2","3500","0.05","6650","3650"
"OI0228","O0228","P014","1","15000","0","15000","9000"
"OI0229","O0229","P008","1","2800","0.05","2660","1660"
"OI0230","O0230","P007","1","1800","0.1","1620","1020"
"OI0231","O0231","P003","1","3500","0.15","2975","1475"
"OI0232","O0232","P015","4","350","0.05","1330","530"
"OI0233","O0233","P019","1","300","0.05","285","165"
"OI0234","O0234","P003","1","3500","0.1","3150","1650"
"OI0235","O0235","P017","2","550","0","1100","500"
"OI0236","O0236","P020","4","800","0","3200","1800"
"OI0237","O0237","P002","1","22000","0","22000","10000"
"OI0238","O0238","P014","1","15000","0","15000","9000"
"OI0239","O0239","P020","4","800","0.15","2720","1320"
"OI0240","O0240","P018","4","600","0","2400","1400"
"OI0241","O0241","P009","2","3500","0.05","6650","4250"
"OI0242","O0242","P018","3","600","0","1800","1050"
"OI0243","O0243","P014","1","15000","0.1","13500","7500"
"OI0244","O0244","P006","1","600","0.05","570","370"
"OI0245","O0245","P004","2","6000","0.05","11400","5400"
"OI0246","O0246","P001","1","45000","0.1","40500","15500"
"OI0247","O0247","P011","1","18000","0","18000","10000"
"OI0248","O0248","P005","1","14000","0.05","13300","6300"
"OI0249","O0249","P005","1","14000","0.1","12600","5600"
"OI0250","O0250","P011","1","18000","0.1","16200","8200"
"OI0251","O0251","P001","1","45000","0.15","38250","13250"
"OI0252","O0252","P018","3","600","0.1","1620","870"
"OI0253","O0253","P020","1","800","0.1","720","370"
"OI0254","O0254","P007","1","1800","0.05","1710","1110"
"OI0255","O0255","P005","1","14000","0.15","11900","4900"
"OI0256","O0256","P001","1","45000","0","45000","20000"
"OI0257","O0257","P011","1","18000","0","18000","10000"
"OI0258","O0258","P015","2","350","0","700","300"
"OI0259","O0259","P014","1","15000","0","15000","9000"
"OI0260","O0260","P004","2","6000","0.05","11400","5400"
"OI0261","O0261","P007","1","1800","0","1800","1200"
"OI0262","O0262","P005","1","14000","0.05","13300","6300"
"OI0263","O0263","P013","2","5500","0.15","9350","4350"
"OI0264","O0264","P008","2","2800","0","5600","3600"
"OI0265","O0265","P001","1","45000","0","45000","20000"
"OI0266","O0266","P003","2","3500","0","7000","4000"
"OI0267","O0267","P003","1","3500","0.1","3150","1650"
"OI0268","O0268","P013","1","5500","0.05","5225","2725"
"OI0269","O0269","P002","1","22000","0","22000","10000"
"OI0270","O0270","P001","1","45000","0.15","38250","13250"
"OI0271","O0271","P014","1","15000","0","15000","9000"
"OI0272","O0272","P013","2","5500","0","11000","6000"
"OI0273","O0273","P011","1","18000","0","18000","10000"
"OI0274","O0274","P005","1","14000","0.15","11900","4900"
"OI0275","O0275","P017","3","550","0.1","1485","585"
"OI0276","O0276","P016","2","250","0.15","425","125"
"OI0277","O0277","P019","4","300","0.05","1140","660"
"OI0278","O0278","P003","1","3500","0.15","2975","1475"
"OI0279","O0279","P008","1","2800","0.05","2660","1660"
"OI0280","O0280","P005","1","14000","0.1","12600","5600"
"OI0281","O0281","P005","1","14000","0","14000","7000"
"OI0282","O0282","P011","1","18000","0","18000","10000"
"OI0283","O0283","P001","1","45000","0.1","40500","15500"
"OI0284","O0284","P011","1","18000","0.1","16200","8200"
"OI0285","O0285","P011","1","18000","0.15","15300","7300"
"OI0286","O0286","P006","4","600","0.15","2040","1240"
"OI0287","O0287","P011","1","18000","0","18000","10000"
"OI0288","O0288","P004","2","6000","0.1","10800","4800"
"OI0289","O0289","P002","1","22000","0.15","18700","6700"
"OI0290","O0290","P013","2","5500","0","11000","6000"
"OI0291","O0291","P009","1","3500","0","3500","2300"
"OI0292","O0292","P012","1","12000","0.05","11400","6400"
"OI0293","O0293","P010","1","2800","0.1","2520","1620"
"OI0294","O0294","P013","2","5500","0","11000","6000"
"OI0295","O0295","P004","2","6000","0.15","10200","4200"
"OI0296","O0296","P003","1","3500","0.05","3325","1825"
"OI0297","O0297","P012","1","12000","0","12000","7000"
"OI0298","O0298","P005","1","14000","0.1","12600","5600"
"OI0299","O0299","P014","1","15000","0.05","14250","8250"
"OI0300","O0300","P014","1","15000","0","15000","9000"
"OI0301","O0301","P001","1","45000","0.15","38250","13250"
"OI0302","O0302","P010","1","2800","0","2800","1900"
"OI0303","O0303","P003","1","3500","0.05","3325","1825"
"OI0304","O0304","P007","1","1800","0.15","1530","930"
"OI0305","O0305","P010","1","2800","0","2800","1900"
"OI0306","O0306","P012","1","12000","0.15","10200","5200"
"OI0307","O0307","P002","1","22000","0","22000","10000"
"OI0308","O0308","P002","1","22000","0.05","20900","8900"
"OI0309","O0309","P013","2","5500","0.05","10450","5450"
"OI0310","O0310","P010","2","2800","0.1","5040","3240"
"OI0311","O0311","P007","2","1800","0","3600","2400"
"OI0312","O0312","P009","2","3500","0.05","6650","4250"
"OI0313","O0313","P005","1","14000","0","14000","7000"
"OI0314","O0314","P003","1","3500","0.1","3150","1650"
"OI0315","O0315","P010","2","2800","0.05","5320","3520"
"OI0316","O0316","P004","2","6000","0.1","10800","4800"
"OI0317","O0317","P001","1","45000","0","45000","20000"
"OI0318","O0318","P003","2","3500","0.1","6300","3300"
"OI0319","O0319","P013","2","5500","0.1","9900","4900"
"OI0320","O0320","P001","1","45000","0.1","40500","15500"
"OI0321","O0321","P004","1","6000","0.1","5400","2400"
"OI0322","O0322","P001","1","45000","0.15","38250","13250"
"OI0323","O0323","P013","2","5500","0.15","9350","4350"
"OI0324","O0324","P019","1","300","0.05","285","165"
"OI0325","O0325","P011","1","18000","0.05","17100","9100"
"OI0326","O0326","P004","2","6000","0","12000","6000"
"OI0327","O0327","P014","1","15000","0.1","13500","7500"
"OI0328","O0328","P005","1","14000","0","14000","7000"
"OI0329","O0329","P002","1","22000","0.15","18700","6700"
"OI0330","O0330","P012","1","12000","0","12000","7000"
"OI0331","O0331","P005","1","14000","0","14000","7000"
"OI0332","O0332","P011","1","18000","0","18000","10000"
"OI0333","O0333","P014","1","15000","0.05","14250","8250"
"OI0334","O0334","P003","1","3500","0","3500","2000"
"OI0335","O0335","P014","1","15000","0.1","13500","7500"
"OI0336","O0336","P001","1","45000","0.15","38250","13250"
"OI0337","O0337","P004","2","6000","0.15","10200","4200"
"OI0338","O0338","P005","1","14000","0","14000","7000"
"OI0339","O0339","P003","2","3500","0.15","5950","2950"
"OI0340","O0340","P015","1","350","0.05","333","133"
"OI0341","O0341","P002","1","22000","0.15","18700","6700"
"OI0342","O0342","P003","2","3500","0.05","6650","3650"
"OI0343","O0343","P013","1","5500","0.05","5225","2725"
"OI0344","O0344","P018","2","600","0.15","1020","520"
"OI0345","O0345","P004","2","6000","0","12000","6000"
"OI0346","O0346","P001","1","45000","0","45000","20000"
"OI0347","O0347","P007","1","1800","0","1800","1200"
"OI0348","O0348","P002","1","22000","0.1","19800","7800"
"OI0349","O0349","P010","2","2800","0.05","5320","3520"
"OI0350","O0350","P014","1","15000","0.05","14250","8250"
"OI0351","O0351","P006","1","600","0","600","400"
"OI0352","O0352","P002","1","22000","0","22000","10000"
"OI0353","O0353","P006","1","600","0.15","510","310"
"OI0354","O0354","P019","1","300","0","300","180"
"OI0355","O0355","P017","3","550","0.15","1403","503"
"OI0356","O0356","P011","1","18000","0.15","15300","7300"
"OI0357","O0357","P003","1","3500","0","3500","2000"
"OI0358","O0358","P009","1","3500","0.15","2975","1775"
"OI0359","O0359","P011","1","18000","0","18000","10000"
"OI0360","O0360","P019","1","300","0.15","255","135"
"OI0361","O0361","P013","1","5500","0","5500","3000"
"OI0362","O0362","P008","2","2800","0","5600","3600"
"OI0363","O0363","P006","3","600","0","1800","1200"
"OI0364","O0364","P002","1","22000","0.1","19800","7800"
"OI0365","O0365","P005","1","14000","0.05","13300","6300"
"OI0366","O0366","P011","1","18000","0.1","16200","8200"
"OI0367","O0367","P009","1","3500","0.05","3325","2125"
"OI0368","O0368","P012","1","12000","0.15","10200","5200"
"OI0369","O0369","P013","2","5500","0.1","9900","4900"
"OI0370","O0370","P001","1","45000","0","45000","20000"
"OI0371","O0371","P012","1","12000","0.05","11400","6400"
"OI0372","O0372","P002","1","22000","0.1","19800","7800"
"OI0373","O0373","P001","1","45000","0.1","40500","15500"
"OI0374","O0374","P018","2","600","0.15","1020","520"
"OI0375","O0375","P005","1","14000","0","14000","7000"
"OI0376","O0376","P007","2","1800","0.1","3240","2040"
"OI0377","O0377","P012","1","12000","0.1","10800","5800"
"OI0378","O0378","P007","1","1800","0","1800","1200"
"OI0379","O0379","P015","2","350","0","700","300"
"OI0380","O0380","P020","4","800","0.15","2720","1320"
"OI0381","O0381","P006","3","600","0.05","1710","1110"
"OI0382","O0382","P016","2","250","0","500","200"
"OI0383","O0383","P020","1","800","0","800","450"
"OI0384","O0384","P009","1","3500","0.1","3150","1950"
"OI0385","O0385","P017","2","550","0.05","1045","445"
"OI0386","O0386","P009","1","3500","0","3500","2300"
"OI0387","O0387","P012","1","12000","0.15","10200","5200"
"OI0388","O0388","P014","1","15000","0","15000","9000"
"OI0389","O0389","P012","1","12000","0.05","11400","6400"
"OI0390","O0390","P014","1","15000","0","15000","9000"
"OI0391","O0391","P001","1","45000","0.1","40500","15500"
"OI0392","O0392","P005","1","14000","0.05","13300","6300"
"OI0393","O0393","P002","1","22000","0.05","20900","8900"
"OI0394","O0394","P001","1","45000","0","45000","20000"
"OI0395","O0395","P001","1","45000","0","45000","20000"
"OI0396","O0396","P014","1","15000","0.1","13500","7500"
"OI0397","O0397","P012","1","12000","0.05","11400","6400"
"OI0398","O0398","P011","1","18000","0.1","16200","8200"
"OI0399","O0399","P018","1","600","0","600","350"
"OI0400","O0400","P013","2","5500","0","11000","6000"
"OI0401","O0401","P005","1","14000","0","14000","7000"
"OI0402","O0402","P012","1","12000","0","12000","7000"
"OI0403","O0403","P008","1","2800","0","2800","1800"
"OI0404","O0404","P008","2","2800","0.15","4760","2760"
"OI0405","O0405","P003","2","3500","0","7000","4000"
"OI0406","O0406","P010","2","2800","0.05","5320","3520"
"OI0407","O0407","P001","1","45000","0","45000","20000"
"OI0408","O0408","P016","2","250","0","500","200"
"OI0409","O0409","P012","1","12000","0","12000","7000"
"OI0410","O0410","P006","3","600","0.1","1620","1020"
"OI0411","O0411","P013","1","5500","0","5500","3000"
"OI0412","O0412","P010","1","2800","0","2800","1900"
"OI0413","O0413","P004","1","6000","0","6000","3000"
"OI0414","O0414","P005","1","14000","0.05","13300","6300"
"OI0415","O0415","P020","2","800","0.1","1440","740"
"OI0416","O0416","P014","1","15000","0","15000","9000"
"OI0417","O0417","P020","1","800","0","800","450"
"OI0418","O0418","P007","1","1800","0.1","1620","1020"
"OI0419","O0419","P013","1","5500","0","5500","3000"
"OI0420","O0420","P016","4","250","0.05","950","350"
"OI0421","O0421","P009","1","3500","0.15","2975","1775"
"OI0422","O0422","P013","2","5500","0.05","10450","5450"
"OI0423","O0423","P018","2","600","0.15","1020","520"
"OI0424","O0424","P006","1","600","0","600","400"
"OI0425","O0425","P003","2","3500","0.1","6300","3300"
"OI0426","O0426","P009","2","3500","0.15","5950","3550"
"OI0427","O0427","P012","1","12000","0.15","10200","5200"
"OI0428","O0428","P015","2","350","0.15","595","195"
"OI0429","O0429","P004","1","6000","0.05","5700","2700"
"OI0430","O0430","P008","1","2800","0.1","2520","1520"
"OI0431","O0431","P014","1","15000","0","15000","9000"
"OI0432","O0432","P002","1","22000","0","22000","10000"
"OI0433","O0433","P016","1","250","0","250","100"
"OI0434","O0434","P004","1","6000","0.05","5700","2700"
"OI0435","O0435","P006","1","600","0.15","510","310"
"OI0436","O0436","P018","1","600","0.1","540","290"
"OI0437","O0437","P004","2","6000","0","12000","6000"
"OI0438","O0438","P014","1","15000","0.15","12750","6750"
"OI0439","O0439","P004","1","6000","0","6000","3000"
"OI0440","O0440","P014","1","15000","0.1","13500","7500"
"OI0441","O0441","P017","1","550","0","550","250"
"OI0442","O0442","P012","1","12000","0","12000","7000"
"OI0443","O0443","P006","4","600","0.05","2280","1480"
"OI0444","O0444","P002","1","22000","0.05","20900","8900"
"OI0445","O0445","P002","1","22000","0.05","20900","8900"
"OI0446","O0446","P007","1","1800","0.15","1530","930"
"OI0447","O0447","P013","1","5500","0.1","4950","2450"
"OI0448","O0448","P005","1","14000","0.1","12600","5600"
"OI0449","O0449","P014","1","15000","0","15000","9000"
"OI0450","O0450","P013","1","5500","0.15","4675","2175"
"OI0451","O0451","P010","2","2800","0","5600","3800"
"OI0452","O0452","P005","1","14000","0.1","12600","5600"
"OI0453","O0453","P004","1","6000","0.1","5400","2400"
"OI0454","O0454","P002","1","22000","0","22000","10000"
"OI0455","O0455","P002","1","22000","0","22000","10000"
"OI0456","O0456","P009","2","3500","0.1","6300","3900"
"OI0457","O0457","P017","2","550","0.05","1045","445"
"OI0458","O0458","P001","1","45000","0.15","38250","13250"
"OI0459","O0459","P012","1","12000","0.1","10800","5800"
"OI0460","O0460","P013","2","5500","0.15","9350","4350"
"OI0461","O0461","P018","2","600","0","1200","700"
"OI0462","O0462","P018","4","600","0.05","2280","1280"
"OI0463","O0463","P006","4","600","0.1","2160","1360"
"OI0464","O0464","P001","1","45000","0.05","42750","17750"
"OI0465","O0465","P005","1","14000","0.1","12600","5600"
"OI0466","O0466","P013","2","5500","0","11000","6000"
"OI0467","O0467","P002","1","22000","0","22000","10000"
"OI0468","O0468","P009","1","3500","0","3500","2300"
"OI0469","O0469","P003","1","3500","0.15","2975","1475"
"OI0470","O0470","P014","1","15000","0.05","14250","8250"
"OI0471","O0471","P013","1","5500","0.15","4675","2175"
"OI0472","O0472","P020","3","800","0","2400","1350"
"OI0473","O0473","P006","3","600","0.05","1710","1110"
"OI0474","O0474","P011","1","18000","0.05","17100","9100"
"OI0475","O0475","P001","1","45000","0.05","42750","17750"
"OI0476","O0476","P009","1","3500","0.05","3325","2125"
"OI0477","O0477","P019","1","300","0.1","270","150"
"OI0478","O0478","P009","1","3500","0","3500","2300"
"OI0479","O0479","P013","2","5500","0","11000","6000"
"OI0480","O0480","P014","1","15000","0.15","12750","6750"
"OI0481","O0481","P012","1","12000","0.1","10800","5800"
"OI0482","O0482","P004","1","6000","0.05","5700","2700"
"OI0483","O0483","P005","1","14000","0","14000","7000"
"OI0484","O0484","P014","1","15000","0.05","14250","8250"
"OI0485","O0485","P005","1","14000","0.15","11900","4900"
"OI0486","O0486","P002","1","22000","0.15","18700","6700"
"OI0487","O0487","P010","1","2800","0.15","2380","1480"
"OI0488","O0488","P011","1","18000","0","18000","10000"
"OI0489","O0489","P002","1","22000","0","22000","10000"
"OI0490","O0490","P006","2","600","0","1200","800"
"OI0491","O0491","P019","4","300","0","1200","720"
"OI0492","O0492","P003","2","3500","0.1","6300","3300"
"OI0493","O0493","P016","3","250","0.05","713","263"
"OI0494","O0494","P006","2","600","0.15","1020","620"
"OI0495","O0495","P013","1","5500","0","5500","3000"
"OI0496","O0496","P001","1","45000","0","45000","20000"
"OI0497","O0497","P003","2","3500","0.1","6300","3300"
"OI0498","O0498","P011","1","18000","0.05","17100","9100"
"OI0499","O0499","P012","1","12000","0","12000","7000"
"OI0500","O0500","P008","1","2800","0","2800","1800"
"OI0501","O0501","P013","1","5500","0","5500","3000"
"OI0502","O0502","P002","1","22000","0","22000","10000"
"OI0503","O0503","P014","1","15000","0.1","13500","7500"
"OI0504","O0504","P005","1","14000","0","14000","7000"
"OI0505","O0505","P012","1","12000","0.05","11400","6400"
"OI0506","O0506","P005","1","14000","0.1","12600","5600"
"OI0507","O0507","P010","1","2800","0.05","2660","1760"
"OI0508","O0508","P011","1","18000","0.1","16200","8200"
"OI0509","O0509","P013","2","5500","0.1","9900","4900"
"OI0510","O0510","P013","2","5500","0.05","10450","5450"
"OI0511","O0511","P005","1","14000","0.1","12600","5600"
"OI0512","O0512","P013","1","5500","0.05","5225","2725"
"OI0513","O0513","P002","1","22000","0.05","20900","8900"
"OI0514","O0514","P005","1","14000","0.05","13300","6300"
"OI0515","O0515","P008","1","2800","0.1","2520","1520"
"OI0516","O0516","P017","1","550","0","550","250"
"OI0517","O0517","P003","2","3500","0.15","5950","2950"
"OI0518","O0518","P014","1","15000","0","15000","9000"
"OI0519","O0519","P013","2","5500","0.15","9350","4350"
"OI0520","O0520","P002","1","22000","0.05","20900","8900"
"OI0521","O0521","P002","1","22000","0","22000","10000"
"OI0522","O0522","P013","1","5500","0.15","4675","2175"
"OI0523","O0523","P005","1","14000","0.1","12600","5600"
"OI0524","O0524","P015","1","350","0.1","315","115"
"OI0525","O0525","P012","1","12000","0.15","10200","5200"
"OI0526","O0526","P015","3","350","0","1050","450"
"OI0527","O0527","P013","1","5500","0.15","4675","2175"
"OI0528","O0528","P017","1","550","0","550","250"
"OI0529","O0529","P013","2","5500","0.1","9900","4900"
"OI0530","O0530","P014","1","15000","0","15000","9000"
"OI0531","O0531","P001","1","45000","0","45000","20000"
"OI0532","O0532","P009","2","3500","0","7000","4600"
"OI0533","O0533","P011","1","18000","0","18000","10000"
"OI0534","O0534","P012","1","12000","0.1","10800","5800"
"OI0535","O0535","P001","1","45000","0.15","38250","13250"
"OI0536","O0536","P002","1","22000","0.05","20900","8900"
"OI0537","O0537","P016","1","250","0","250","100"
"OI0538","O0538","P005","1","14000","0.05","13300","6300"
"OI0539","O0539","P020","3","800","0.05","2280","1230"
"OI0540","O0540","P013","2","5500","0.1","9900","4900"
"OI0541","O0541","P011","1","18000","0","18000","10000"
"OI0542","O0542","P010","2","2800","0.1","5040","3240"
"OI0543","O0543","P001","1","45000","0","45000","20000"
"OI0544","O0544","P001","1","45000","0.05","42750","17750"
"OI0545","O0545","P004","2","6000","0.1","10800","4800"
"OI0546","O0546","P005","1","14000","0","14000","7000"
"OI0547","O0547","P005","1","14000","0.05","13300","6300"
"OI0548","O0548","P018","2","600","0","1200","700"
"OI0549","O0549","P004","1","6000","0.15","5100","2100"
"OI0550","O0550","P017","2","550","0.1","990","390"
"OI0551","O0551","P011","1","18000","0.05","17100","9100"
"OI0552","O0552","P001","1","45000","0.1","40500","15500"
"OI0553","O0553","P012","1","12000","0","12000","7000"
"OI0554","O0554","P018","4","600","0","2400","1400"
"OI0555","O0555","P013","2","5500","0","11000","6000"
"OI0556","O0556","P006","3","600","0.05","1710","1110"
"OI0557","O0557","P004","2","6000","0.1","10800","4800"
"OI0558","O0558","P006","2","600","0.15","1020","620"
"OI0559","O0559","P013","2","5500","0.05","10450","5450"
"OI0560","O0560","P002","1","22000","0.05","20900","8900"
"OI0561","O0561","P011","1","18000","0.05","17100","9100"
"OI0562","O0562","P020","1","800","0.15","680","330"
"OI0563","O0563","P016","1","250","0.05","238","88"
"OI0564","O0564","P002","1","22000","0.05","20900","8900"
"OI0565","O0565","P003","1","3500","0.05","3325","1825"
"OI0566","O0566","P013","2","5500","0.15","9350","4350"
"OI0567","O0567","P008","2","2800","0.05","5320","3320"
"OI0568","O0568","P020","3","800","0","2400","1350"
"OI0569","O0569","P011","1","18000","0.05","17100","9100"
"OI0570","O0570","P014","1","15000","0","15000","9000"
"OI0571","O0571","P003","1","3500","0","3500","2000"
"OI0572","O0572","P013","1","5500","0","5500","3000"
"OI0573","O0573","P005","1","14000","0","14000","7000"
"OI0574","O0574","P008","2","2800","0.1","5040","3040"
"OI0575","O0575","P009","1","3500","0","3500","2300"
"OI0576","O0576","P015","1","350","0","350","150"
"OI0577","O0577","P012","1","12000","0.1","10800","5800"
"OI0578","O0578","P001","1","45000","0.05","42750","17750"
"OI0579","O0579","P018","3","600","0","1800","1050"
"OI0580","O0580","P010","1","2800","0","2800","1900"
"OI0581","O0581","P001","1","45000","0","45000","20000"
"OI0582","O0582","P001","1","45000","0.1","40500","15500"
"OI0583","O0583","P010","2","2800","0","5600","3800"
"OI0584","O0584","P013","1","5500","0.15","4675","2175"
"OI0585","O0585","P004","1","6000","0","6000","3000"
"OI0586","O0586","P019","4","300","0.05","1140","660"
"OI0587","O0587","P004","1","6000","0.1","5400","2400"
"OI0588","O0588","P011","1","18000","0","18000","10000"
"OI0589","O0589","P014","1","15000","0","15000","9000"
"OI0590","O0590","P013","2","5500","0.05","10450","5450"
"OI0591","O0591","P004","2","6000","0","12000","6000"
"OI0592","O0592","P006","4","600","0.15","2040","1240"
"OI0593","O0593","P015","3","350","0.05","998","398"
"OI0594","O0594","P018","1","600","0.05","570","320"
"OI0595","O0595","P019","4","300","0","1200","720"
"OI0596","O0596","P013","1","5500","0","5500","3000"
"OI0597","O0597","P013","1","5500","0.1","4950","2450"
"OI0598","O0598","P015","3","350","0.1","945","345"
"OI0599","O0599","P006","3","600","0","1800","1200"
"OI0600","O0600","P001","1","45000","0","45000","20000"
"OI0601","O0601","P010","1","2800","0","2800","1900"
"OI0602","O0602","P005","1","14000","0.05","13300","6300"
"OI0603","O0603","P009","2","3500","0","7000","4600"
"OI0604","O0604","P014","1","15000","0.1","13500","7500"
"OI0605","O0605","P012","1","12000","0.15","10200","5200"
"OI0606","O0606","P002","1","22000","0","22000","10000"
"OI0607","O0607","P011","1","18000","0.05","17100","9100"
"OI0608","O0608","P014","1","15000","0.05","14250","8250"
"OI0609","O0609","P011","1","18000","0.1","16200","8200"
"OI0610","O0610","P007","2","1800","0.1","3240","2040"
"OI0611","O0611","P014","1","15000","0","15000","9000"
"OI0612","O0612","P006","1","600","0","600","400"
"OI0613","O0613","P001","1","45000","0.05","42750","17750"
"OI0614","O0614","P006","3","600","0.05","1710","1110"
"OI0615","O0615","P004","1","6000","0.05","5700","2700"
"OI0616","O0616","P013","1","5500","0.05","5225","2725"
"OI0617","O0617","P013","2","5500","0","11000","6000"
"OI0618","O0618","P009","1","3500","0.15","2975","1775"
"OI0619","O0619","P014","1","15000","0.05","14250","8250"
"OI0620","O0620","P006","2","600","0","1200","800"
"OI0621","O0621","P020","3","800","0.05","2280","1230"
"OI0622","O0622","P007","2","1800","0.05","3420","2220"
"OI0623","O0623","P013","2","5500","0","11000","6000"
"OI0624","O0624","P011","1","18000","0","18000","10000"
"OI0625","O0625","P012","1","12000","0","12000","7000"
"OI0626","O0626","P012","1","12000","0","12000","7000"
"OI0627","O0627","P001","1","45000","0.05","42750","17750"
"OI0628","O0628","P016","2","250","0","500","200"
"OI0629","O0629","P016","1","250","0","250","100"
"OI0630","O0630","P014","1","15000","0.05","14250","8250"
"OI0631","O0631","P004","1","6000","0.05","5700","2700"
"OI0632","O0632","P005","1","14000","0","14000","7000"
"OI0633","O0633","P013","2","5500","0.1","9900","4900"
"OI0634","O0634","P014","1","15000","0","15000","9000"
"OI0635","O0635","P015","4","350","0.1","1260","460"
"OI0636","O0636","P020","3","800","0.1","2160","1110"
"OI0637","O0637","P020","3","800","0.05","2280","1230"
"OI0638","O0638","P003","1","3500","0.05","3325","1825"
"OI0639","O0639","P012","1","12000","0.1","10800","5800"
"OI0640","O0640","P005","1","14000","0","14000","7000"
"OI0641","O0641","P011","1","18000","0.05","17100","9100"
"OI0642","O0642","P001","1","45000","0","45000","20000"
"OI0643","O0643","P009","2","3500","0","7000","4600"
"OI0644","O0644","P001","1","45000","0.15","38250","13250"
"OI0645","O0645","P005","1","14000","0.1","12600","5600"
"OI0646","O0646","P014","1","15000","0.1","13500","7500"
"OI0647","O0647","P003","2","3500","0.05","6650","3650"
"OI0648","O0648","P014","1","15000","0","15000","9000"
"OI0649","O0649","P005","1","14000","0.15","11900","4900"
"OI0650","O0650","P012","1","12000","0","12000","7000"
"OI0651","O0651","P003","2","3500","0","7000","4000"
"OI0652","O0652","P003","1","3500","0","3500","2000"
"OI0653","O0653","P001","1","45000","0.1","40500","15500"
"OI0654","O0654","P019","2","300","0.15","510","270"
"OI0655","O0655","P012","1","12000","0.15","10200","5200"
"OI0656","O0656","P014","1","15000","0.15","12750","6750"
"OI0657","O0657","P012","1","12000","0.1","10800","5800"
"OI0658","O0658","P005","1","14000","0.05","13300","6300"
"OI0659","O0659","P004","1","6000","0.05","5700","2700"
"OI0660","O0660","P001","1","45000","0","45000","20000"
"OI0661","O0661","P015","2","350","0","700","300"
"OI0662","O0662","P002","1","22000","0.1","19800","7800"
"OI0663","O0663","P010","2","2800","0","5600","3800"
"OI0664","O0664","P011","1","18000","0","18000","10000"
"OI0665","O0665","P017","4","550","0","2200","1000"
"OI0666","O0666","P012","1","12000","0","12000","7000"
"OI0667","O0667","P002","1","22000","0","22000","10000"
"OI0668","O0668","P003","2","3500","0.05","6650","3650"
"OI0669","O0669","P010","2","2800","0","5600","3800"
"OI0670","O0670","P020","3","800","0.1","2160","1110"
"OI0671","O0671","P003","1","3500","0","3500","2000"
"OI0672","O0672","P012","1","12000","0","12000","7000"
"OI0673","O0673","P009","1","3500","0.1","3150","1950"
"OI0674","O0674","P020","2","800","0.05","1520","820"
"OI0675","O0675","P002","1","22000","0","22000","10000"
"OI0676","O0676","P005","1","14000","0","14000","7000"
"OI0677","O0677","P010","1","2800","0.05","2660","1760"
"OI0678","O0678","P001","1","45000","0.15","38250","13250"
"OI0679","O0679","P008","1","2800","0.15","2380","1380"
"OI0680","O0680","P006","3","600","0.05","1710","1110"
"OI0681","O0681","P003","1","3500","0.05","3325","1825"
"OI0682","O0682","P004","1","6000","0.1","5400","2400"
"OI0683","O0683","P012","1","12000","0","12000","7000"
"OI0684","O0684","P007","2","1800","0.1","3240","2040"
"OI0685","O0685","P004","2","6000","0","12000","6000"
"OI0686","O0686","P012","1","12000","0.05","11400","6400"
"OI0687","O0687","P003","1","3500","0.1","3150","1650"
"OI0688","O0688","P013","1","5500","0","5500","3000"
"OI0689","O0689","P012","1","12000","0","12000","7000"
"OI0690","O0690","P002","1","22000","0.15","18700","6700"
"OI0691","O0691","P005","1","14000","0.1","12600","5600"
"OI0692","O0692","P004","1","6000","0.1","5400","2400"
"OI0693","O0693","P008","1","2800","0.1","2520","1520"
"OI0694","O0694","P018","2","600","0.15","1020","520"
"OI0695","O0695","P002","1","22000","0.1","19800","7800"
"OI0696","O0696","P004","2","6000","0","12000","6000"
"OI0697","O0697","P005","1","14000","0.15","11900","4900"
"OI0698","O0698","P020","1","800","0.15","680","330"
"OI0699","O0699","P013","2","5500","0","11000","6000"
"OI0700","O0700","P005","1","14000","0.1","12600","5600"
"OI0701","O0701","P005","1","14000","0.15","11900","4900"
"OI0702","O0702","P018","1","600","0","600","350"
"OI0703","O0703","P010","1","2800","0.05","2660","1760"
"OI0704","O0704","P006","3","600","0.15","1530","930"
"OI0705","O0705","P001","1","45000","0.05","42750","17750"
"OI0706","O0706","P003","2","3500","0.05","6650","3650"
"OI0707","O0707","P004","1","6000","0.05","5700","2700"
"OI0708","O0708","P003","2","3500","0.15","5950","2950"
"OI0709","O0709","P001","1","45000","0.1","40500","15500"
"OI0710","O0710","P010","2","2800","0.15","4760","2960"
"OI0711","O0711","P008","2","2800","0.1","5040","3040"
"OI0712","O0712","P001","1","45000","0.05","42750","17750"
"OI0713","O0713","P001","1","45000","0.05","42750","17750"
"OI0714","O0714","P007","1","1800","0.05","1710","1110"
"OI0715","O0715","P013","2","5500","0.15","9350","4350"
"OI0716","O0716","P003","2","3500","0.15","5950","2950"
"OI0717","O0717","P005","1","14000","0.05","13300","6300"
"OI0718","O0718","P004","2","6000","0.15","10200","4200"
"OI0719","O0719","P006","3","600","0.15","1530","930"
"OI0720","O0720","P019","3","300","0.15","765","405"
"OI0721","O0721","P014","1","15000","0.05","14250","8250"
"OI0722","O0722","P012","1","12000","0.1","10800","5800"
"OI0723","O0723","P012","1","12000","0","12000","7000"
"OI0724","O0724","P003","2","3500","0","7000","4000"
"OI0725","O0725","P014","1","15000","0.1","13500","7500"
"OI0726","O0726","P019","3","300","0.15","765","405"
"OI0727","O0727","P012","1","12000","0.05","11400","6400"
"OI0728","O0728","P014","1","15000","0.05","14250","8250"
"OI0729","O0729","P005","1","14000","0.15","11900","4900"
"OI0730","O0730","P011","1","18000","0.05","17100","9100"
"OI0731","O0731","P002","1","22000","0.1","19800","7800"
"OI0732","O0732","P013","2","5500","0","11000","6000"
"OI0733","O0733","P014","1","15000","0.1","13500","7500"
"OI0734","O0734","P018","4","600","0.15","2040","1040"
"OI0735","O0735","P003","1","3500","0.15","2975","1475"
"OI0736","O0736","P007","2","1800","0.15","3060","1860"
"OI0737","O0737","P001","1","45000","0","45000","20000"
"OI0738","O0738","P008","1","2800","0","2800","1800"
"OI0739","O0739","P003","1","3500","0.05","3325","1825"
"OI0740","O0740","P011","1","18000","0","18000","10000"
"OI0741","O0741","P002","1","22000","0.15","18700","6700"
"OI0742","O0742","P013","1","5500","0","5500","3000"
"OI0743","O0743","P003","1","3500","0","3500","2000"
"OI0744","O0744","P001","1","45000","0.15","38250","13250"
"OI0745","O0745","P011","1","18000","0.05","17100","9100"
"OI0746","O0746","P011","1","18000","0","18000","10000"
"OI0747","O0747","P016","3","250","0.05","713","263"
"OI0748","O0748","P012","1","12000","0","12000","7000"
"OI0749","O0749","P011","1","18000","0","18000","10000"
"OI0750","O0750","P004","2","6000","0.15","10200","4200"
"OI0751","O0751","P008","2","2800","0.15","4760","2760"
"OI0752","O0752","P002","1","22000","0.05","20900","8900"
"OI0753","O0753","P020","2","800","0.05","1520","820"
"OI0754","O0754","P016","4","250","0.05","950","350"
"OI0755","O0755","P010","1","2800","0.15","2380","1480"
"OI0756","O0756","P013","2","5500","0","11000","6000"
"OI0757","O0757","P015","4","350","0.05","1330","530"
"OI0758","O0758","P003","1","3500","0","3500","2000"
"OI0759","O0759","P001","1","45000","0","45000","20000"
"OI0760","O0760","P005","1","14000","0.05","13300","6300"
"OI0761","O0761","P003","1","3500","0.15","2975","1475"
"OI0762","O0762","P007","2","1800","0.1","3240","2040"
"OI0763","O0763","P001","1","45000","0.1","40500","15500"
"OI0764","O0764","P002","1","22000","0.15","18700","6700"
"OI0765","O0765","P003","2","3500","0.05","6650","3650"
"OI0766","O0766","P019","2","300","0.15","510","270"
"OI0767","O0767","P020","2","800","0.05","1520","820"
"OI0768","O0768","P019","4","300","0.05","1140","660"
"OI0769","O0769","P005","1","14000","0.05","13300","6300"
"OI0770","O0770","P009","1","3500","0","3500","2300"
"OI0771","O0771","P002","1","22000","0.05","20900","8900"
"OI0772","O0772","P004","1","6000","0","6000","3000"
"OI0773","O0773","P017","2","550","0.15","935","335"
"OI0774","O0774","P011","1","18000","0.1","16200","8200"
"OI0775","O0775","P012","1","12000","0.1","10800","5800"
"OI0776","O0776","P005","1","14000","0.05","13300","6300"
"OI0777","O0777","P011","1","18000","0","18000","10000"
"OI0778","O0778","P015","3","350","0.05","998","398"
"OI0779","O0779","P002","1","22000","0","22000","10000"
"OI0780","O0780","P004","2","6000","0.15","10200","4200"
"OI0781","O0781","P001","1","45000","0.1","40500","15500"
"OI0782","O0782","P014","1","15000","0.15","12750","6750"
"OI0783","O0783","P007","1","1800","0","1800","1200"
"OI0784","O0784","P014","1","15000","0","15000","9000"
"OI0785","O0785","P005","1","14000","0.05","13300","6300"
"OI0786","O0786","P003","1","3500","0.1","3150","1650"
"OI0787","O0787","P002","1","22000","0.05","20900","8900"
"OI0788","O0788","P004","2","6000","0.05","11400","5400"
"OI0789","O0789","P001","1","45000","0","45000","20000"
"OI0790","O0790","P010","1","2800","0.1","2520","1620"
"OI0791","O0791","P007","1","1800","0","1800","1200"
"OI0792","O0792","P005","1","14000","0.1","12600","5600"
"OI0793","O0793","P003","1","3500","0.05","3325","1825"
"OI0794","O0794","P013","1","5500","0.05","5225","2725"
"OI0795","O0795","P005","1","14000","0.05","13300","6300"
"OI0796","O0796","P011","1","18000","0","18000","10000"
"OI0797","O0797","P014","1","15000","0.1","13500","7500"
"OI0798","O0798","P010","2","2800","0.1","5040","3240"
"OI0799","O0799","P015","3","350","0","1050","450"
"OI0800","O0800","P005","1","14000","0.05","13300","6300"
"OI0801","O0801","P010","1","2800","0","2800","1900"
"OI0802","O0802","P003","1","3500","0.05","3325","1825"
"OI0803","O0803","P001","1","45000","0","45000","20000"
"OI0804","O0804","P002","1","22000","0","22000","10000"
"OI0805","O0805","P008","1","2800","0.1","2520","1520"
"OI0806","O0806","P008","1","2800","0.1","2520","1520"
"OI0807","O0807","P012","1","12000","0.1","10800","5800"
"OI0808","O0808","P001","1","45000","0.1","40500","15500"
"OI0809","O0809","P006","2","600","0.1","1080","680"
"OI0810","O0810","P005","1","14000","0.05","13300","6300"
"OI0811","O0811","P016","2","250","0.05","475","175"
"OI0812","O0812","P004","2","6000","0","12000","6000"
"OI0813","O0813","P018","2","600","0","1200","700"
"OI0814","O0814","P007","1","1800","0.1","1620","1020"
"OI0815","O0815","P013","1","5500","0.05","5225","2725"
"OI0816","O0816","P001","1","45000","0.05","42750","17750"
"OI0817","O0817","P019","1","300","0","300","180"
"OI0818","O0818","P008","1","2800","0.1","2520","1520"
"OI0819","O0819","P017","4","550","0.05","2090","890"
"OI0820","O0820","P002","1","22000","0.15","18700","6700"
"OI0821","O0821","P003","2","3500","0","7000","4000"
"OI0822","O0822","P003","2","3500","0.05","6650","3650"
"OI0823","O0823","P018","4","600","0.05","2280","1280"
"OI0824","O0824","P002","1","22000","0.05","20900","8900"
"OI0825","O0825","P010","2","2800","0","5600","3800"
"OI0826","O0826","P004","1","6000","0","6000","3000"
"OI0827","O0827","P020","4","800","0","3200","1800"
"OI0828","O0828","P017","1","550","0","550","250"
"OI0829","O0829","P008","1","2800","0.1","2520","1520"
"OI0830","O0830","P009","2","3500","0.15","5950","3550"
"OI0831","O0831","P003","1","3500","0","3500","2000"
"OI0832","O0832","P001","1","45000","0","45000","20000"
"OI0833","O0833","P003","1","3500","0","3500","2000"
"OI0834","O0834","P001","1","45000","0","45000","20000"
"OI0835","O0835","P011","1","18000","0.05","17100","9100"
"OI0836","O0836","P003","2","3500","0","7000","4000"
"OI0837","O0837","P003","1","3500","0","3500","2000"
"OI0838","O0838","P004","2","6000","0.1","10800","4800"
"OI0839","O0839","P013","2","5500","0.1","9900","4900"
"OI0840","O0840","P009","2","3500","0.15","5950","3550"
"OI0841","O0841","P020","1","800","0","800","450"
"OI0842","O0842","P014","1","15000","0","15000","9000"
"OI0843","O0843","P001","1","45000","0.1","40500","15500"
"OI0844","O0844","P012","1","12000","0.05","11400","6400"
"OI0845","O0845","P001","1","45000","0.1","40500","15500"
"OI0846","O0846","P003","1","3500","0","3500","2000"
"OI0847","O0847","P012","1","12000","0.1","10800","5800"
"OI0848","O0848","P001","1","45000","0","45000","20000"
"OI0849","O0849","P014","1","15000","0","15000","9000"
"OI0850","O0850","P004","2","6000","0","12000","6000"
"OI0851","O0851","P004","1","6000","0","6000","3000"
"OI0852","O0852","P012","1","12000","0.15","10200","5200"
"OI0853","O0853","P012","1","12000","0.1","10800","5800"
"OI0854","O0854","P011","1","18000","0.1","16200","8200"
"OI0855","O0855","P014","1","15000","0.05","14250","8250"
"OI0856","O0856","P010","1","2800","0.05","2660","1760"
"OI0857","O0857","P011","1","18000","0","18000","10000"
"OI0858","O0858","P013","2","5500","0.1","9900","4900"
"OI0859","O0859","P008","2","2800","0","5600","3600"
"OI0860","O0860","P007","2","1800","0.05","3420","2220"
"OI0861","O0861","P019","4","300","0","1200","720"
"OI0862","O0862","P011","1","18000","0.05","17100","9100"
"OI0863","O0863","P020","4","800","0.15","2720","1320"
"OI0864","O0864","P001","1","45000","0.15","38250","13250"
"OI0865","O0865","P011","1","18000","0.15","15300","7300"
"OI0866","O0866","P002","1","22000","0.05","20900","8900"
"OI0867","O0867","P005","1","14000","0.1","12600","5600"
"OI0868","O0868","P013","1","5500","0","5500","3000"
"OI0869","O0869","P003","1","3500","0.15","2975","1475"
"OI0870","O0870","P019","1","300","0.05","285","165"
"OI0871","O0871","P016","4","250","0.15","850","250"
"OI0872","O0872","P011","1","18000","0.1","16200","8200"
"OI0873","O0873","P018","2","600","0","1200","700"
"OI0874","O0874","P002","1","22000","0","22000","10000"
"OI0875","O0875","P020","4","800","0","3200","1800"
"OI0876","O0876","P003","2","3500","0.05","6650","3650"
"OI0877","O0877","P018","3","600","0.1","1620","870"
"OI0878","O0878","P011","1","18000","0","18000","10000"
"OI0879","O0879","P008","2","2800","0.1","5040","3040"
"OI0880","O0880","P005","1","14000","0.1","12600","5600"
"OI0881","O0881","P008","1","2800","0","2800","1800"
"OI0882","O0882","P011","1","18000","0.1","16200","8200"
"OI0883","O0883","P005","1","14000","0.05","13300","6300"
"OI0884","O0884","P020","4","800","0.1","2880","1480"
"OI0885","O0885","P014","1","15000","0.15","12750","6750"
"OI0886","O0886","P011","1","18000","0.15","15300","7300"
"OI0887","O0887","P011","1","18000","0.15","15300","7300"
"OI0888","O0888","P001","1","45000","0","45000","20000"
"OI0889","O0889","P004","2","6000","0.1","10800","4800"
"OI0890","O0890","P005","1","14000","0","14000","7000"
"OI0891","O0891","P014","1","15000","0","15000","9000"
"OI0892","O0892","P005","1","14000","0.05","13300","6300"
"OI0893","O0893","P017","1","550","0.1","495","195"
"OI0894","O0894","P004","2","6000","0.05","11400","5400"
"OI0895","O0895","P007","2","1800","0.1","3240","2040"
"OI0896","O0896","P004","2","6000","0","12000","6000"
"OI0897","O0897","P012","1","12000","0.1","10800","5800"
"OI0898","O0898","P002","1","22000","0.15","18700","6700"
"OI0899","O0899","P020","1","800","0.05","760","410"
"OI0900","O0900","P001","1","45000","0.1","40500","15500"
"OI0901","O0901","P002","1","22000","0","22000","10000"
"OI0902","O0902","P004","2","6000","0.05","11400","5400"
"OI0903","O0903","P014","1","15000","0.15","12750","6750"
"OI0904","O0904","P010","2","2800","0","5600","3800"
"OI0905","O0905","P005","1","14000","0.1","12600","5600"
"OI0906","O0906","P009","2","3500","0","7000","4600"
"OI0907","O0907","P002","1","22000","0.1","19800","7800"
"OI0908","O0908","P005","1","14000","0.1","12600","5600"
"OI0909","O0909","P004","1","6000","0","6000","3000"
"OI0910","O0910","P014","1","15000","0","15000","9000"
"OI0911","O0911","P008","1","2800","0","2800","1800"
"OI0912","O0912","P005","1","14000","0","14000","7000"
"OI0913","O0913","P018","1","600","0","600","350"
"OI0914","O0914","P001","1","45000","0","45000","20000"
"OI0915","O0915","P011","1","18000","0.15","15300","7300"
"OI0916","O0916","P009","2","3500","0","7000","4600"
"OI0917","O0917","P016","4","250","0","1000","400"
"OI0918","O0918","P013","1","5500","0.05","5225","2725"
"OI0919","O0919","P001","1","45000","0.1","40500","15500"
"OI0920","O0920","P004","2","6000","0.05","11400","5400"
"OI0921","O0921","P004","2","6000","0.05","11400","5400"
"OI0922","O0922","P003","1","3500","0.1","3150","1650"
"OI0923","O0923","P003","2","3500","0.15","5950","2950"
"OI0924","O0924","P009","2","3500","0.1","6300","3900"
"OI0925","O0925","P014","1","15000","0","15000","9000"
"OI0926","O0926","P010","1","2800","0.1","2520","1620"
"OI0927","O0927","P006","3","600","0.15","1530","930"
"OI0928","O0928","P016","1","250","0","250","100"
"OI0929","O0929","P016","3","250","0.1","675","225"
"OI0930","O0930","P019","3","300","0.15","765","405"
"OI0931","O0931","P003","1","3500","0","3500","2000"
"OI0932","O0932","P002","1","22000","0","22000","10000"
"OI0933","O0933","P005","1","14000","0.1","12600","5600"
"OI0934","O0934","P011","1","18000","0","18000","10000"
"OI0935","O0935","P018","1","600","0","600","350"
"OI0936","O0936","P005","1","14000","0","14000","7000"
"OI0937","O0937","P016","2","250","0","500","200"
"OI0938","O0938","P003","2","3500","0.05","6650","3650"
"OI0939","O0939","P006","1","600","0.1","540","340"
"OI0940","O0940","P011","1","18000","0","18000","10000"
"OI0941","O0941","P001","1","45000","0","45000","20000"
"OI0942","O0942","P017","4","550","0.05","2090","890"
"OI0943","O0943","P006","1","600","0.1","540","340"
"OI0944","O0944","P020","4","800","0.1","2880","1480"
"OI0945","O0945","P006","4","600","0","2400","1600"
"OI0946","O0946","P011","1","18000","0.05","17100","9100"
"OI0947","O0947","P019","2","300","0.1","540","300"
"OI0948","O0948","P003","1","3500","0","3500","2000"
"OI0949","O0949","P011","1","18000","0.15","15300","7300"
"OI0950","O0950","P013","1","5500","0.15","4675","2175"
"OI0951","O0951","P002","1","22000","0","22000","10000"
"OI0952","O0952","P016","3","250","0.1","675","225"
"OI0953","O0953","P017","2","550","0.15","935","335"
"OI0954","O0954","P016","2","250","0.05","475","175"
"OI0955","O0955","P001","1","45000","0","45000","20000"
"OI0956","O0956","P002","1","22000","0","22000","10000"
"OI0957","O0957","P007","1","1800","0","1800","1200"
"OI0958","O0958","P013","1","5500","0.05","5225","2725"
"OI0959","O0959","P002","1","22000","0","22000","10000"
"OI0960","O0960","P010","2","2800","0","5600","3800"
"OI0961","O0961","P012","1","12000","0","12000","7000"
"OI0962","O0962","P001","1","45000","0.05","42750","17750"
"OI0963","O0963","P014","1","15000","0","15000","9000"
"OI0964","O0964","P005","1","14000","0.1","12600","5600"
"OI0965","O0965","P019","2","300","0","600","360"
"OI0966","O0966","P003","2","3500","0","7000","4000"
"OI0967","O0967","P002","1","22000","0.05","20900","8900"
"OI0968","O0968","P019","3","300","0.1","810","450"
"OI0969","O0969","P011","1","18000","0","18000","10000"
"OI0970","O0970","P011","1","18000","0.05","17100","9100"
"OI0971","O0971","P006","3","600","0.15","1530","930"
"OI0972","O0972","P004","2","6000","0.1","10800","4800"
"OI0973","O0973","P013","1","5500","0.05","5225","2725"
"OI0974","O0974","P001","1","45000","0","45000","20000"
"OI0975","O0975","P005","1","14000","0.1","12600","5600"
"OI0976","O0976","P015","3","350","0.05","998","398"
"OI0977","O0977","P006","3","600","0","1800","1200"
"OI0978","O0978","P018","3","600","0.05","1710","960"
"OI0979","O0979","P014","1","15000","0.05","14250","8250"
"OI0980","O0980","P003","1","3500","0.15","2975","1475"
"OI0981","O0981","P008","1","2800","0","2800","1800"
"OI0982","O0982","P011","1","18000","0","18000","10000"
"OI0983","O0983","P011","1","18000","0.15","15300","7300"
"OI0984","O0984","P007","2","1800","0","3600","2400"
"OI0985","O0985","P001","1","45000","0","45000","20000"
"OI0986","O0986","P005","1","14000","0","14000","7000"
"OI0987","O0987","P007","1","1800","0.05","1710","1110"
"OI0988","O0988","P006","4","600","0.15","2040","1240"
"OI0989","O0989","P001","1","45000","0.05","42750","17750"
"OI0990","O0990","P010","1","2800","0","2800","1900"
"OI0991","O0991","P008","1","2800","0.05","2660","1660"
"OI0992","O0992","P013","2","5500","0","11000","6000"
"OI0993","O0993","P005","1","14000","0","14000","7000"
"OI0994","O0994","P006","1","600","0.1","540","340"
"OI0995","O0995","P009","2","3500","0","7000","4600"
"OI0996","O0996","P012","1","12000","0.1","10800","5800"
"OI0997","O0997","P008","1","2800","0.1","2520","1520"
"OI0998","O0998","P005","1","14000","0.15","11900","4900"
"OI0999","O0999","P003","2","3500","0.05","6650","3650"
"OI1000","O1000","P013","1","5500","0.05","5225","2725"
"OI1001","O1001","P008","2","2800","0.15","4760","2760"
"OI1002","O1002","P013","1","5500","0.05","5225","2725"
"OI1003","O1003","P008","2","2800","0.05","5320","3320"
"OI1004","O1004","P001","1","45000","0.1","40500","15500"
"OI1005","O1005","P013","2","5500","0.05","10450","5450"
"OI1006","O1006","P005","1","14000","0","14000","7000"
"OI1007","O1007","P010","1","2800","0","2800","1900"
"OI1008","O1008","P004","2","6000","0.1","10800","4800"
"OI1009","O1009","P014","1","15000","0","15000","9000"
"OI1010","O1010","P001","1","45000","0.1","40500","15500"
"OI1011","O1011","P013","1","5500","0.15","4675","2175"
"OI1012","O1012","P007","1","1800","0","1800","1200"
"OI1013","O1013","P001","1","45000","0","45000","20000"
"OI1014","O1014","P018","2","600","0.15","1020","520"
"OI1015","O1015","P013","2","5500","0.05","10450","5450"
"OI1016","O1016","P019","3","300","0","900","540"
"OI1017","O1017","P004","1","6000","0.05","5700","2700"
"OI1018","O1018","P003","2","3500","0.1","6300","3300"
"OI1019","O1019","P004","1","6000","0","6000","3000"
"OI1020","O1020","P001","1","45000","0.1","40500","15500"
"OI1021","O1021","P011","1","18000","0.05","17100","9100"
"OI1022","O1022","P004","2","6000","0.1","10800","4800"
"OI1023","O1023","P014","1","15000","0","15000","9000"
"OI1024","O1024","P009","1","3500","0.05","3325","2125"
"OI1025","O1025","P002","1","22000","0.05","20900","8900"
"OI1026","O1026","P005","1","14000","0.1","12600","5600"
"OI1027","O1027","P019","1","300","0.05","285","165"
"OI1028","O1028","P010","1","2800","0.05","2660","1760"
"OI1029","O1029","P009","2","3500","0","7000","4600"
"OI1030","O1030","P005","1","14000","0.05","13300","6300"
"OI1031","O1031","P012","1","12000","0","12000","7000"
"OI1032","O1032","P011","1","18000","0.05","17100","9100"
"OI1033","O1033","P013","1","5500","0","5500","3000"
"OI1034","O1034","P011","1","18000","0.15","15300","7300"
"OI1035","O1035","P002","1","22000","0","22000","10000"
"OI1036","O1036","P005","1","14000","0.1","12600","5600"
"OI1037","O1037","P012","1","12000","0.15","10200","5200"
"OI1038","O1038","P002","1","22000","0.1","19800","7800"
"OI1039","O1039","P014","1","15000","0","15000","9000"
"OI1040","O1040","P008","2","2800","0.05","5320","3320"
"OI1041","O1041","P014","1","15000","0","15000","9000"
"OI1042","O1042","P009","2","3500","0.1","6300","3900"
"OI1043","O1043","P009","2","3500","0.15","5950","3550"
"OI1044","O1044","P005","1","14000","0","14000","7000"
"OI1045","O1045","P008","1","2800","0.15","2380","1380"
"OI1046","O1046","P005","1","14000","0.1","12600","5600"
"OI1047","O1047","P003","1","3500","0","3500","2000"
"OI1048","O1048","P019","1","300","0.15","255","135"
"OI1049","O1049","P006","1","600","0.05","570","370"
"OI1050","O1050","P015","4","350","0","1400","600"
"OI1051","O1051","P016","2","250","0.05","475","175"
"OI1052","O1052","P005","1","14000","0","14000","7000"
"OI1053","O1053","P009","2","3500","0.1","6300","3900"
"OI1054","O1054","P005","1","14000","0","14000","7000"
"OI1055","O1055","P001","1","45000","0","45000","20000"
"OI1056","O1056","P005","1","14000","0.15","11900","4900"
"OI1057","O1057","P002","1","22000","0","22000","10000"
"OI1058","O1058","P007","1","1800","0.15","1530","930"
"OI1059","O1059","P002","1","22000","0.05","20900","8900"
"OI1060","O1060","P007","2","1800","0","3600","2400"
"OI1061","O1061","P012","1","12000","0.05","11400","6400"
"OI1062","O1062","P020","3","800","0","2400","1350"
"OI1063","O1063","P015","3","350","0.05","998","398"
"OI1064","O1064","P002","1","22000","0.1","19800","7800"
"OI1065","O1065","P011","1","18000","0.1","16200","8200"
"OI1066","O1066","P011","1","18000","0.1","16200","8200"
"OI1067","O1067","P017","2","550","0.1","990","390"
"OI1068","O1068","P008","1","2800","0","2800","1800"
"OI1069","O1069","P010","2","2800","0.05","5320","3520"
"OI1070","O1070","P003","2","3500","0","7000","4000"
"OI1071","O1071","P008","2","2800","0","5600","3600"
"OI1072","O1072","P001","1","45000","0","45000","20000"
"OI1073","O1073","P008","1","2800","0","2800","1800"
"OI1074","O1074","P009","1","3500","0","3500","2300"
"OI1075","O1075","P017","2","550","0.1","990","390"
"OI1076","O1076","P020","3","800","0.1","2160","1110"
"OI1077","O1077","P008","1","2800","0.05","2660","1660"
"OI1078","O1078","P002","1","22000","0.05","20900","8900"
"OI1079","O1079","P017","4","550","0.15","1870","670"
"OI1080","O1080","P010","1","2800","0.1","2520","1620"
"OI1081","O1081","P011","1","18000","0.1","16200","8200"
"OI1082","O1082","P020","4","800","0.15","2720","1320"
"OI1083","O1083","P005","1","14000","0.15","11900","4900"
"OI1084","O1084","P017","1","550","0","550","250"
"OI1085","O1085","P012","1","12000","0.1","10800","5800"
"OI1086","O1086","P012","1","12000","0","12000","7000"
"OI1087","O1087","P011","1","18000","0","18000","10000"
"OI1088","O1088","P018","2","600","0.1","1080","580"
"OI1089","O1089","P009","2","3500","0.05","6650","4250"
"OI1090","O1090","P014","1","15000","0.05","14250","8250"
"OI1091","O1091","P017","2","550","0","1100","500"
"OI1092","O1092","P003","1","3500","0.1","3150","1650"
"OI1093","O1093","P002","1","22000","0","22000","10000"
"OI1094","O1094","P011","1","18000","0","18000","10000"
"OI1095","O1095","P014","1","15000","0.1","13500","7500"
"OI1096","O1096","P008","2","2800","0","5600","3600"
"OI1097","O1097","P005","1","14000","0.1","12600","5600"
"OI1098","O1098","P012","1","12000","0.05","11400","6400"
"OI1099","O1099","P009","2","3500","0","7000","4600"
"OI1100","O1100","P014","1","15000","0","15000","9000"
"OI1101","O1101","P013","1","5500","0.15","4675","2175"
"OI1102","O1102","P007","1","1800","0.05","1710","1110"
"OI1103","O1103","P014","1","15000","0","15000","9000"
"OI1104","O1104","P013","2","5500","0","11000","6000"
"OI1105","O1105","P006","3","600","0.1","1620","1020"
"OI1106","O1106","P002","1","22000","0","22000","10000"
"OI1107","O1107","P003","2","3500","0","7000","4000"
"OI1108","O1108","P013","1","5500","0.15","4675","2175"
"OI1109","O1109","P005","1","14000","0.1","12600","5600"
"OI1110","O1110","P013","2","5500","0.05","10450","5450"
"OI1111","O1111","P018","2","600","0.05","1140","640"
"OI1112","O1112","P013","1","5500","0","5500","3000"
"OI1113","O1113","P011","1","18000","0.05","17100","9100"
"OI1114","O1114","P001","1","45000","0.05","42750","17750"
"OI1115","O1115","P013","2","5500","0","11000","6000"
"OI1116","O1116","P005","1","14000","0","14000","7000"
"OI1117","O1117","P020","3","800","0","2400","1350"
"OI1118","O1118","P012","1","12000","0.05","11400","6400"
"OI1119","O1119","P014","1","15000","0","15000","9000"
"OI1120","O1120","P007","2","1800","0.15","3060","1860"
"OI1121","O1121","P005","1","14000","0.05","13300","6300"
"OI1122","O1122","P009","2","3500","0","7000","4600"
"OI1123","O1123","P014","1","15000","0","15000","9000"
"OI1124","O1124","P001","1","45000","0","45000","20000"
"OI1125","O1125","P013","2","5500","0.1","9900","4900"
"OI1126","O1126","P020","1","800","0","800","450"
"OI1127","O1127","P008","1","2800","0","2800","1800"
"OI1128","O1128","P003","1","3500","0.15","2975","1475"
"OI1129","O1129","P007","2","1800","0","3600","2400"
"OI1130","O1130","P013","2","5500","0","11000","6000"
"OI1131","O1131","P002","1","22000","0","22000","10000"
"OI1132","O1132","P012","1","12000","0.1","10800","5800"
"OI1133","O1133","P006","1","600","0.05","570","370"
"OI1134","O1134","P018","3","600","0.15","1530","780"
"OI1135","O1135","P002","1","22000","0","22000","10000"
"OI1136","O1136","P015","2","350","0.1","630","230"
"OI1137","O1137","P005","1","14000","0.1","12600","5600"
"OI1138","O1138","P004","2","6000","0","12000","6000"
"OI1139","O1139","P014","1","15000","0.05","14250","8250"
"OI1140","O1140","P013","2","5500","0.15","9350","4350"
"OI1141","O1141","P005","1","14000","0","14000","7000"
"OI1142","O1142","P003","2","3500","0.05","6650","3650"
"OI1143","O1143","P007","1","1800","0.05","1710","1110"
"OI1144","O1144","P003","2","3500","0","7000","4000"
"OI1145","O1145","P013","2","5500","0","11000","6000"
"OI1146","O1146","P005","1","14000","0","14000","7000"
"OI1147","O1147","P019","4","300","0","1200","720"
"OI1148","O1148","P005","1","14000","0.05","13300","6300"
"OI1149","O1149","P018","2","600","0.05","1140","640"
"OI1150","O1150","P001","1","45000","0.1","40500","15500"
"OI1151","O1151","P004","2","6000","0","12000","6000"
"OI1152","O1152","P005","1","14000","0","14000","7000"
"OI1153","O1153","P006","4","600","0","2400","1600"
"OI1154","O1154","P003","1","3500","0.15","2975","1475"
"OI1155","O1155","P003","2","3500","0.1","6300","3300"
"OI1156","O1156","P016","2","250","0","500","200"
"OI1157","O1157","P009","1","3500","0","3500","2300"
"OI1158","O1158","P017","3","550","0.05","1568","668"
"OI1159","O1159","P017","4","550","0","2200","1000"
"OI1160","O1160","P001","1","45000","0","45000","20000"
"OI1161","O1161","P008","2","2800","0","5600","3600"
"OI1162","O1162","P005","1","14000","0.15","11900","4900"
"OI1163","O1163","P019","2","300","0","600","360"
"OI1164","O1164","P002","1","22000","0","22000","10000"
"OI1165","O1165","P013","2","5500","0.1","9900","4900"
"OI1166","O1166","P014","1","15000","0","15000","9000"
"OI1167","O1167","P004","2","6000","0.1","10800","4800"
"OI1168","O1168","P014","1","15000","0","15000","9000"
"OI1169","O1169","P004","1","6000","0.05","5700","2700"
"OI1170","O1170","P001","1","45000","0.05","42750","17750"
"OI1171","O1171","P015","1","350","0","350","150"
"OI1172","O1172","P005","1","14000","0.1","12600","5600"
"OI1173","O1173","P008","1","2800","0.1","2520","1520"
"OI1174","O1174","P012","1","12000","0.15","10200","5200"
"OI1175","O1175","P009","2","3500","0.1","6300","3900"
"OI1176","O1176","P007","1","1800","0.15","1530","930"
"OI1177","O1177","P010","1","2800","0.1","2520","1620"
"OI1178","O1178","P003","1","3500","0.05","3325","1825"
"OI1179","O1179","P005","1","14000","0","14000","7000"
"OI1180","O1180","P002","1","22000","0.15","18700","6700"
"OI1181","O1181","P016","3","250","0","750","300"
"OI1182","O1182","P006","3","600","0","1800","1200"
"OI1183","O1183","P013","2","5500","0","11000","6000"
"OI1184","O1184","P002","1","22000","0","22000","10000"
"OI1185","O1185","P019","2","300","0","600","360"
"OI1186","O1186","P018","2","600","0.15","1020","520"
"OI1187","O1187","P011","1","18000","0","18000","10000"
"OI1188","O1188","P012","1","12000","0","12000","7000"
"OI1189","O1189","P018","2","600","0","1200","700"
"OI1190","O1190","P016","1","250","0","250","100"
"OI1191","O1191","P003","2","3500","0.1","6300","3300"
"OI1192","O1192","P004","2","6000","0.05","11400","5400"
"OI1193","O1193","P007","1","1800","0","1800","1200"
"OI1194","O1194","P009","1","3500","0","3500","2300"
"OI1195","O1195","P001","1","45000","0","45000","20000"
"OI1196","O1196","P013","1","5500","0.1","4950","2450"
"OI1197","O1197","P011","1","18000","0.1","16200","8200"
"OI1198","O1198","P013","1","5500","0.05","5225","2725"
"OI1199","O1199","P007","1","1800","0.1","1620","1020"
"OI1200","O1200","P008","1","2800","0.05","2660","1660"
"OI1201","O1201","P012","1","12000","0","12000","7000"
"OI1202","O1202","P020","2","800","0.1","1440","740"
"OI1203","O1203","P002","1","22000","0.05","20900","8900"
"OI1204","O1204","P008","1","2800","0","2800","1800"
"OI1205","O1205","P014","1","15000","0.15","12750","6750"
"OI1206","O1206","P006","4","600","0.1","2160","1360"
"OI1207","O1207","P004","2","6000","0.15","10200","4200"
"OI1208","O1208","P019","3","300","0.1","810","450"
"OI1209","O1209","P001","1","45000","0","45000","20000"
"OI1210","O1210","P010","2","2800","0.1","5040","3240"
"OI1211","O1211","P014","1","15000","0.05","14250","8250"
"OI1212","O1212","P011","1","18000","0","18000","10000"
"OI1213","O1213","P003","2","3500","0.05","6650","3650"
"OI1214","O1214","P015","1","350","0.1","315","115"
"OI1215","O1215","P014","1","15000","0","15000","9000"
"OI1216","O1216","P002","1","22000","0","22000","10000"
"OI1217","O1217","P004","1","6000","0.1","5400","2400"
"OI1218","O1218","P004","1","6000","0.05","5700","2700"
"OI1219","O1219","P011","1","18000","0","18000","10000"
"OI1220","O1220","P014","1","15000","0.05","14250","8250"
"OI1221","O1221","P002","1","22000","0.1","19800","7800"
"OI1222","O1222","P019","3","300","0","900","540"
"OI1223","O1223","P018","4","600","0.05","2280","1280"
"OI1224","O1224","P012","1","12000","0","12000","7000"
"OI1225","O1225","P011","1","18000","0.05","17100","9100"
"OI1226","O1226","P011","1","18000","0","18000","10000"
"OI1227","O1227","P001","1","45000","0","45000","20000"
"OI1228","O1228","P013","1","5500","0.15","4675","2175"
"OI1229","O1229","P011","1","18000","0.05","17100","9100"
"OI1230","O1230","P012","1","12000","0.05","11400","6400"
"OI1231","O1231","P017","1","550","0","550","250"
"OI1232","O1232","P012","1","12000","0","12000","7000"
"OI1233","O1233","P012","1","12000","0.15","10200","5200"
"OI1234","O1234","P002","1","22000","0","22000","10000"
"OI1235","O1235","P012","1","12000","0.1","10800","5800"
"OI1236","O1236","P004","1","6000","0","6000","3000"
"OI1237","O1237","P011","1","18000","0.1","16200","8200"
"OI1238","O1238","P005","1","14000","0.1","12600","5600"
"OI1239","O1239","P013","2","5500","0.15","9350","4350"
"OI1240","O1240","P013","1","5500","0","5500","3000"
"OI1241","O1241","P017","1","550","0.15","468","168"
"OI1242","O1242","P012","1","12000","0","12000","7000"
"OI1243","O1243","P002","1","22000","0.1","19800","7800"
"OI1244","O1244","P014","1","15000","0.1","13500","7500"
"OI1245","O1245","P019","1","300","0","300","180"
"OI1246","O1246","P001","1","45000","0.05","42750","17750"
"OI1247","O1247","P016","3","250","0.05","713","263"
"OI1248","O1248","P005","1","14000","0","14000","7000"
"OI1249","O1249","P001","1","45000","0","45000","20000"
"OI1250","O1250","P010","2","2800","0","5600","3800"
"OI1251","O1251","P002","1","22000","0","22000","10000"
"OI1252","O1252","P016","2","250","0.05","475","175"
"OI1253","O1253","P002","1","22000","0.15","18700","6700"
"OI1254","O1254","P008","2","2800","0.15","4760","2760"
"OI1255","O1255","P009","1","3500","0.1","3150","1950"
"OI1256","O1256","P001","1","45000","0.15","38250","13250"
"OI1257","O1257","P020","4","800","0","3200","1800"
"OI1258","O1258","P002","1","22000","0.05","20900","8900"
"OI1259","O1259","P008","2","2800","0","5600","3600"
"OI1260","O1260","P003","2","3500","0","7000","4000"
"OI1261","O1261","P006","4","600","0","2400","1600"
"OI1262","O1262","P006","3","600","0","1800","1200"
"OI1263","O1263","P011","1","18000","0","18000","10000"
"OI1264","O1264","P003","2","3500","0","7000","4000"
"OI1265","O1265","P017","3","550","0.1","1485","585"
"OI1266","O1266","P017","3","550","0","1650","750"
"OI1267","O1267","P011","1","18000","0","18000","10000"
"OI1268","O1268","P014","1","15000","0.05","14250","8250"
"OI1269","O1269","P006","3","600","0","1800","1200"
"OI1270","O1270","P008","2","2800","0.05","5320","3320"
"OI1271","O1271","P013","2","5500","0.05","10450","5450"
"OI1272","O1272","P012","1","12000","0.15","10200","5200"
"OI1273","O1273","P005","1","14000","0.05","13300","6300"
"OI1274","O1274","P006","4","600","0.1","2160","1360"
"OI1275","O1275","P008","1","2800","0","2800","1800"
"OI1276","O1276","P009","2","3500","0.05","6650","4250"
"OI1277","O1277","P001","1","45000","0","45000","20000"
"OI1278","O1278","P010","1","2800","0.05","2660","1760"
"OI1279","O1279","P005","1","14000","0","14000","7000"
"OI1280","O1280","P008","1","2800","0","2800","1800"
"OI1281","O1281","P007","1","1800","0.1","1620","1020"
"OI1282","O1282","P020","1","800","0","800","450"
"OI1283","O1283","P013","1","5500","0","5500","3000"
"OI1284","O1284","P004","1","6000","0","6000","3000"
"OI1285","O1285","P004","1","6000","0.05","5700","2700"
"OI1286","O1286","P004","1","6000","0.15","5100","2100"
"OI1287","O1287","P011","1","18000","0","18000","10000"
"OI1288","O1288","P011","1","18000","0","18000","10000"
"OI1289","O1289","P013","1","5500","0.1","4950","2450"
"OI1290","O1290","P004","2","6000","0.05","11400","5400"
"OI1291","O1291","P018","1","600","0.15","510","260"
"OI1292","O1292","P002","1","22000","0.1","19800","7800"
"OI1293","O1293","P001","1","45000","0","45000","20000"
"OI1294","O1294","P008","1","2800","0.1","2520","1520"
"OI1295","O1295","P013","2","5500","0.1","9900","4900"
"OI1296","O1296","P010","2","2800","0.1","5040","3240"
"OI1297","O1297","P014","1","15000","0","15000","9000"
"OI1298","O1298","P015","3","350","0.1","945","345"
"OI1299","O1299","P002","1","22000","0.05","20900","8900"
"OI1300","O1300","P014","1","15000","0","15000","9000"
"OI1301","O1301","P012","1","12000","0","12000","7000"
"OI1302","O1302","P003","2","3500","0.1","6300","3300"
"OI1303","O1303","P016","2","250","0.1","450","150"
"OI1304","O1304","P020","1","800","0.05","760","410"
"OI1305","O1305","P004","1","6000","0.05","5700","2700"
"OI1306","O1306","P013","1","5500","0.1","4950","2450"
"OI1307","O1307","P006","3","600","0.1","1620","1020"
"OI1308","O1308","P005","1","14000","0.05","13300","6300"
"OI1309","O1309","P014","1","15000","0.15","12750","6750"
"OI1310","O1310","P014","1","15000","0","15000","9000"
"OI1311","O1311","P018","1","600","0","600","350"
"OI1312","O1312","P001","1","45000","0.1","40500","15500"
"OI1313","O1313","P018","4","600","0.1","2160","1160"
"OI1314","O1314","P014","1","15000","0.05","14250","8250"
"OI1315","O1315","P003","2","3500","0","7000","4000"
"OI1316","O1316","P019","4","300","0","1200","720"
"OI1317","O1317","P004","2","6000","0.05","11400","5400"
"OI1318","O1318","P016","4","250","0.05","950","350"
"OI1319","O1319","P006","2","600","0","1200","800"
"OI1320","O1320","P017","3","550","0.1","1485","585"
"OI1321","O1321","P007","1","1800","0.05","1710","1110"
"OI1322","O1322","P013","2","5500","0","11000","6000"
"OI1323","O1323","P006","2","600","0.1","1080","680"
"OI1324","O1324","P011","1","18000","0","18000","10000"
"OI1325","O1325","P012","1","12000","0","12000","7000"
"OI1326","O1326","P004","1","6000","0","6000","3000"
"OI1327","O1327","P011","1","18000","0","18000","10000"
"OI1328","O1328","P012","1","12000","0.05","11400","6400"
"OI1329","O1329","P011","1","18000","0.05","17100","9100"
"OI1330","O1330","P004","1","6000","0.1","5400","2400"
"OI1331","O1331","P011","1","18000","0","18000","10000"
"OI1332","O1332","P013","2","5500","0.1","9900","4900"
"OI1333","O1333","P011","1","18000","0","18000","10000"
"OI1334","O1334","P002","1","22000","0.15","18700","6700"
"OI1335","O1335","P014","1","15000","0.15","12750","6750"
"OI1336","O1336","P011","1","18000","0.15","15300","7300"
"OI1337","O1337","P010","1","2800","0.05","2660","1760"
"OI1338","O1338","P013","1","5500","0.05","5225","2725"
"OI1339","O1339","P018","1","600","0.15","510","260"
"OI1340","O1340","P003","1","3500","0.1","3150","1650"
"OI1341","O1341","P002","1","22000","0.05","20900","8900"
"OI1342","O1342","P020","3","800","0","2400","1350"
"OI1343","O1343","P002","1","22000","0","22000","10000"
"OI1344","O1344","P001","1","45000","0.1","40500","15500"
"OI1345","O1345","P014","1","15000","0.1","13500","7500"
"OI1346","O1346","P003","2","3500","0.1","6300","3300"
"OI1347","O1347","P014","1","15000","0.05","14250","8250"
"OI1348","O1348","P001","1","45000","0","45000","20000"
"OI1349","O1349","P013","1","5500","0","5500","3000"
"OI1350","O1350","P014","1","15000","0","15000","9000"
"OI1351","O1351","P004","1","6000","0","6000","3000"
"OI1352","O1352","P002","1","22000","0.1","19800","7800"
"OI1353","O1353","P016","3","250","0","750","300"
"OI1354","O1354","P012","1","12000","0","12000","7000"
"OI1355","O1355","P011","1","18000","0","18000","10000"
"OI1356","O1356","P008","2","2800","0.15","4760","2760"
"OI1357","O1357","P017","2","550","0","1100","500"
"OI1358","O1358","P013","2","5500","0.05","10450","5450"
"OI1359","O1359","P005","1","14000","0.1","12600","5600"
"OI1360","O1360","P002","1","22000","0.05","20900","8900"
"OI1361","O1361","P014","1","15000","0","15000","9000"
"OI1362","O1362","P005","1","14000","0","14000","7000"
"OI1363","O1363","P012","1","12000","0","12000","7000"
"OI1364","O1364","P001","1","45000","0.15","38250","13250"
"OI1365","O1365","P004","1","6000","0.05","5700","2700"
"OI1366","O1366","P013","1","5500","0","5500","3000"
"OI1367","O1367","P013","2","5500","0.05","10450","5450"
"OI1368","O1368","P019","1","300","0.1","270","150"
"OI1369","O1369","P009","2","3500","0","7000","4600"
"OI1370","O1370","P011","1","18000","0","18000","10000"
"OI1371","O1371","P008","1","2800","0.1","2520","1520"
"OI1372","O1372","P006","4","600","0.05","2280","1480"
"OI1373","O1373","P016","3","250","0.1","675","225"
"OI1374","O1374","P011","1","18000","0","18000","10000"
"OI1375","O1375","P016","2","250","0.15","425","125"
"OI1376","O1376","P013","1","5500","0.15","4675","2175"
"OI1377","O1377","P015","3","350","0.1","945","345"
"OI1378","O1378","P015","3","350","0.1","945","345"
"OI1379","O1379","P007","1","1800","0","1800","1200"
"OI1380","O1380","P013","1","5500","0","5500","3000"
"OI1381","O1381","P017","3","550","0.1","1485","585"
"OI1382","O1382","P004","2","6000","0","12000","6000"
"OI1383","O1383","P001","1","45000","0.05","42750","17750"
"OI1384","O1384","P005","1","14000","0","14000","7000"
"OI1385","O1385","P010","1","2800","0","2800","1900"
"OI1386","O1386","P015","3","350","0.05","998","398"
"OI1387","O1387","P001","1","45000","0.05","42750","17750"
"OI1388","O1388","P005","1","14000","0","14000","7000"
"OI1389","O1389","P003","1","3500","0","3500","2000"
"OI1390","O1390","P019","2","300","0.1","540","300"
"OI1391","O1391","P004","2","6000","0.1","10800","4800"
"OI1392","O1392","P012","1","12000","0","12000","7000"
"OI1393","O1393","P001","1","45000","0.1","40500","15500"
"OI1394","O1394","P015","1","350","0","350","150"
"OI1395","O1395","P005","1","14000","0.15","11900","4900"
"OI1396","O1396","P004","1","6000","0","6000","3000"
"OI1397","O1397","P003","1","3500","0.1","3150","1650"
"OI1398","O1398","P001","1","45000","0","45000","20000"
"OI1399","O1399","P010","2","2800","0","5600","3800"
"OI1400","O1400","P016","4","250","0","1000","400"
"OI1401","O1401","P012","1","12000","0.15","10200","5200"
"OI1402","O1402","P008","2","2800","0.15","4760","2760"
"OI1403","O1403","P016","4","250","0","1000","400"
"OI1404","O1404","P011","1","18000","0.05","17100","9100"
"OI1405","O1405","P012","1","12000","0","12000","7000"
"OI1406","O1406","P003","2","3500","0","7000","4000"
"OI1407","O1407","P001","1","45000","0.05","42750","17750"
"OI1408","O1408","P005","1","14000","0.05","13300","6300"
"OI1409","O1409","P005","1","14000","0.15","11900","4900"
"OI1410","O1410","P019","4","300","0.1","1080","600"
"OI1411","O1411","P002","1","22000","0.1","19800","7800"
"OI1412","O1412","P002","1","22000","0.05","20900","8900"
"OI1413","O1413","P008","1","2800","0.1","2520","1520"
"OI1414","O1414","P009","2","3500","0","7000","4600"
"OI1415","O1415","P013","2","5500","0.15","9350","4350"
"OI1416","O1416","P001","1","45000","0.1","40500","15500"
"OI1417","O1417","P005","1","14000","0.1","12600","5600"
"OI1418","O1418","P014","1","15000","0","15000","9000"
"OI1419","O1419","P001","1","45000","0.15","38250","13250"
"OI1420","O1420","P004","1","6000","0.1","5400","2400"
"OI1421","O1421","P003","2","3500","0.05","6650","3650"
"OI1422","O1422","P004","2","6000","0.05","11400","5400"
"OI1423","O1423","P004","2","6000","0","12000","6000"
"OI1424","O1424","P014","1","15000","0.15","12750","6750"
"OI1425","O1425","P003","2","3500","0","7000","4000"
"OI1426","O1426","P012","1","12000","0.05","11400","6400"
"OI1427","O1427","P006","3","600","0.05","1710","1110"
"OI1428","O1428","P001","1","45000","0.05","42750","17750"
"OI1429","O1429","P003","2","3500","0.05","6650","3650"
"OI1430","O1430","P008","2","2800","0.1","5040","3040"
"OI1431","O1431","P012","1","12000","0.15","10200","5200"
"OI1432","O1432","P008","2","2800","0","5600","3600"
"OI1433","O1433","P001","1","45000","0","45000","20000"
"OI1434","O1434","P005","1","14000","0.05","13300","6300"
"OI1435","O1435","P014","1","15000","0","15000","9000"
"OI1436","O1436","P002","1","22000","0.05","20900","8900"
"OI1437","O1437","P016","2","250","0","500","200"
"OI1438","O1438","P003","1","3500","0.1","3150","1650"
"OI1439","O1439","P011","1","18000","0","18000","10000"
"OI1440","O1440","P003","1","3500","0","3500","2000"
"OI1441","O1441","P007","1","1800","0","1800","1200"
"OI1442","O1442","P012","1","12000","0","12000","7000"
"OI1443","O1443","P011","1","18000","0.15","15300","7300"
"OI1444","O1444","P012","1","12000","0.1","10800","5800"
"OI1445","O1445","P007","1","1800","0.05","1710","1110"
"OI1446","O1446","P013","2","5500","0","11000","6000"
"OI1447","O1447","P013","2","5500","0.05","10450","5450"
"OI1448","O1448","P005","1","14000","0","14000","7000"
"OI1449","O1449","P018","4","600","0.15","2040","1040"
"OI1450","O1450","P011","1","18000","0","18000","10000"
"OI1451","O1451","P014","1","15000","0.1","13500","7500"
"OI1452","O1452","P003","2","3500","0.05","6650","3650"
"OI1453","O1453","P014","1","15000","0.1","13500","7500"
"OI1454","O1454","P020","2","800","0","1600","900"
"OI1455","O1455","P009","2","3500","0","7000","4600"
"OI1456","O1456","P001","1","45000","0","45000","20000"
"OI1457","O1457","P018","3","600","0","1800","1050"
"OI1458","O1458","P003","1","3500","0","3500","2000"
"OI1459","O1459","P001","1","45000","0.1","40500","15500"
"OI1460","O1460","P003","1","3500","0","3500","2000"
"OI1461","O1461","P008","2","2800","0.1","5040","3040"
"OI1462","O1462","P011","1","18000","0.15","15300","7300"
"OI1463","O1463","P002","1","22000","0","22000","10000"
"OI1464","O1464","P013","2","5500","0.05","10450","5450"
"OI1465","O1465","P017","3","550","0.15","1403","503"
"OI1466","O1466","P005","1","14000","0.05","13300","6300"
"OI1467","O1467","P020","3","800","0","2400","1350"
"OI1468","O1468","P011","1","18000","0","18000","10000"
"OI1469","O1469","P014","1","15000","0.1","13500","7500"
"OI1470","O1470","P017","1","550","0.05","523","223"
"OI1471","O1471","P007","2","1800","0","3600","2400"
"OI1472","O1472","P011","1","18000","0","18000","10000"
"OI1473","O1473","P012","1","12000","0.1","10800","5800"
"OI1474","O1474","P005","1","14000","0.1","12600","5600"
"OI1475","O1475","P003","1","3500","0.15","2975","1475"
"OI1476","O1476","P003","1","3500","0.05","3325","1825"
"OI1477","O1477","P001","1","45000","0.1","40500","15500"
"OI1478","O1478","P015","2","350","0","700","300"
"OI1479","O1479","P004","2","6000","0","12000","6000"
"OI1480","O1480","P012","1","12000","0.1","10800","5800"
"OI1481","O1481","P010","1","2800","0.05","2660","1760"
"OI1482","O1482","P011","1","18000","0","18000","10000"
"OI1483","O1483","P006","2","600","0.05","1140","740"
"OI1484","O1484","P017","4","550","0.1","1980","780"
"OI1485","O1485","P004","1","6000","0.1","5400","2400"
"OI1486","O1486","P013","1","5500","0.05","5225","2725"
"OI1487","O1487","P013","2","5500","0.05","10450","5450"
"OI1488","O1488","P014","1","15000","0.1","13500","7500"
"OI1489","O1489","P016","1","250","0.15","213","63"
"OI1490","O1490","P001","1","45000","0.05","42750","17750"
"OI1491","O1491","P020","3","800","0","2400","1350"
"OI1492","O1492","P012","1","12000","0","12000","7000"
"OI1493","O1493","P004","2","6000","0.05","11400","5400"
"OI1494","O1494","P013","1","5500","0.1","4950","2450"
"OI1495","O1495","P003","2","3500","0","7000","4000"
"OI1496","O1496","P005","1","14000","0","14000","7000"
"OI1497","O1497","P014","1","15000","0","15000","9000"
"OI1498","O1498","P004","1","6000","0","6000","3000"
"OI1499","O1499","P004","2","6000","0","12000","6000"
"OI1500","O1500","P011","1","18000","0","18000","10000"
"OI1501","O1501","P011","1","18000","0","18000","10000"
"OI1502","O1502","P002","1","22000","0","22000","10000"
"OI1503","O1503","P003","1","3500","0.15","2975","1475"
"OI1504","O1504","P017","2","550","0.1","990","390"
"OI1505","O1505","P018","3","600","0.05","1710","960"
"OI1506","O1506","P003","1","3500","0","3500","2000"
"OI1507","O1507","P004","1","6000","0.05","5700","2700"
"OI1508","O1508","P012","1","12000","0","12000","7000"
"OI1509","O1509","P011","1","18000","0.05","17100","9100"
"OI1510","O1510","P005","1","14000","0.05","13300","6300"
"OI1511","O1511","P001","1","45000","0.15","38250","13250"
"OI1512","O1512","P003","2","3500","0.1","6300","3300"
"OI1513","O1513","P014","1","15000","0","15000","9000"
"OI1514","O1514","P008","2","2800","0","5600","3600"
"OI1515","O1515","P003","1","3500","0","3500","2000"
"OI1516","O1516","P002","1","22000","0","22000","10000"
"OI1517","O1517","P008","2","2800","0","5600","3600"
"OI1518","O1518","P010","2","2800","0","5600","3800"
"OI1519","O1519","P001","1","45000","0","45000","20000"
"OI1520","O1520","P013","1","5500","0","5500","3000"
"OI1521","O1521","P011","1","18000","0.05","17100","9100"
"OI1522","O1522","P002","1","22000","0.15","18700","6700"
"OI1523","O1523","P001","1","45000","0","45000","20000"
"OI1524","O1524","P014","1","15000","0","15000","9000"
"OI1525","O1525","P004","1","6000","0.15","5100","2100"
"OI1526","O1526","P002","1","22000","0.15","18700","6700"
"OI1527","O1527","P012","1","12000","0.15","10200","5200"
"OI1528","O1528","P003","2","3500","0.05","6650","3650"
"OI1529","O1529","P005","1","14000","0.1","12600","5600"
"OI1530","O1530","P009","1","3500","0.15","2975","1775"
"OI1531","O1531","P013","1","5500","0","5500","3000"
"OI1532","O1532","P002","1","22000","0","22000","10000"
"OI1533","O1533","P012","1","12000","0","12000","7000"
"OI1534","O1534","P002","1","22000","0","22000","10000"
"OI1535","O1535","P011","1","18000","0.1","16200","8200"
"OI1536","O1536","P013","2","5500","0","11000","6000"
"OI1537","O1537","P003","1","3500","0","3500","2000"
"OI1538","O1538","P005","1","14000","0.1","12600","5600"
"OI1539","O1539","P009","2","3500","0.15","5950","3550"
"OI1540","O1540","P017","4","550","0","2200","1000"
"OI1541","O1541","P006","1","600","0","600","400"
"OI1542","O1542","P004","2","6000","0","12000","6000"
"OI1543","O1543","P001","1","45000","0.15","38250","13250"
"OI1544","O1544","P013","2","5500","0","11000","6000"
"OI1545","O1545","P005","1","14000","0.1","12600","5600"
"OI1546","O1546","P006","2","600","0.05","1140","740"
"OI1547","O1547","P014","1","15000","0.05","14250","8250"
"OI1548","O1548","P002","1","22000","0.05","20900","8900"
"OI1549","O1549","P002","1","22000","0","22000","10000"
"OI1550","O1550","P010","1","2800","0","2800","1900"
"OI1551","O1551","P018","2","600","0","1200","700"
"OI1552","O1552","P014","1","15000","0","15000","9000"
"OI1553","O1553","P014","1","15000","0.1","13500","7500"
"OI1554","O1554","P004","1","6000","0.15","5100","2100"
"OI1555","O1555","P010","1","2800","0.1","2520","1620"
"OI1556","O1556","P012","1","12000","0.15","10200","5200"
"OI1557","O1557","P002","1","22000","0","22000","10000"
"OI1558","O1558","P010","2","2800","0","5600","3800"
"OI1559","O1559","P019","3","300","0","900","540"
"OI1560","O1560","P009","1","3500","0.1","3150","1950"
"OI1561","O1561","P019","3","300","0","900","540"
"OI1562","O1562","P012","1","12000","0.05","11400","6400"
"OI1563","O1563","P015","4","350","0","1400","600"
"OI1564","O1564","P005","1","14000","0","14000","7000"
"OI1565","O1565","P005","1","14000","0","14000","7000"
"OI1566","O1566","P009","2","3500","0","7000","4600"
"OI1567","O1567","P012","1","12000","0.05","11400","6400"
"OI1568","O1568","P002","1","22000","0.05","20900","8900"
"OI1569","O1569","P001","1","45000","0","45000","20000"
"OI1570","O1570","P011","1","18000","0.05","17100","9100"
"OI1571","O1571","P003","1","3500","0.15","2975","1475"
"OI1572","O1572","P006","4","600","0.1","2160","1360"
"OI1573","O1573","P013","1","5500","0","5500","3000"
"OI1574","O1574","P012","1","12000","0","12000","7000"
"OI1575","O1575","P001","1","45000","0.05","42750","17750"
"OI1576","O1576","P003","2","3500","0.05","6650","3650"
"OI1577","O1577","P001","1","45000","0.1","40500","15500"
"OI1578","O1578","P004","1","6000","0","6000","3000"
"OI1579","O1579","P008","1","2800","0.15","2380","1380"
"OI1580","O1580","P005","1","14000","0.15","11900","4900"
"OI1581","O1581","P019","2","300","0","600","360"
"OI1582","O1582","P007","2","1800","0.05","3420","2220"
"OI1583","O1583","P016","4","250","0.05","950","350"
"OI1584","O1584","P017","4","550","0","2200","1000"
"OI1585","O1585","P003","2","3500","0.1","6300","3300"
"OI1586","O1586","P014","1","15000","0.1","13500","7500"
"OI1587","O1587","P005","1","14000","0","14000","7000"
"OI1588","O1588","P011","1","18000","0.05","17100","9100"
"OI1589","O1589","P015","3","350","0","1050","450"
"OI1590","O1590","P010","2","2800","0.15","4760","2960"
"OI1591","O1591","P003","1","3500","0.05","3325","1825"
"OI1592","O1592","P001","1","45000","0","45000","20000"
"OI1593","O1593","P002","1","22000","0.1","19800","7800"
"OI1594","O1594","P014","1","15000","0.1","13500","7500"
"OI1595","O1595","P010","1","2800","0","2800","1900"
"OI1596","O1596","P002","1","22000","0.05","20900","8900"
"OI1597","O1597","P016","2","250","0","500","200"
"OI1598","O1598","P014","1","15000","0.15","12750","6750"
"OI1599","O1599","P011","1","18000","0.1","16200","8200"
"OI1600","O1600","P018","1","600","0","600","350"
"OI1601","O1601","P004","1","6000","0.15","5100","2100"
"OI1602","O1602","P001","1","45000","0.05","42750","17750"
"OI1603","O1603","P011","1","18000","0.15","15300","7300"
"OI1604","O1604","P002","1","22000","0.05","20900","8900"
"OI1605","O1605","P009","1","3500","0.1","3150","1950"
"OI1606","O1606","P005","1","14000","0.1","12600","5600"
"OI1607","O1607","P019","4","300","0","1200","720"
"OI1608","O1608","P013","1","5500","0.15","4675","2175"
"OI1609","O1609","P015","3","350","0","1050","450"
"OI1610","O1610","P009","2","3500","0","7000","4600"
"OI1611","O1611","P019","1","300","0.05","285","165"
"OI1612","O1612","P002","1","22000","0","22000","10000"
"OI1613","O1613","P002","1","22000","0","22000","10000"
"OI1614","O1614","P013","1","5500","0","5500","3000"
"OI1615","O1615","P010","1","2800","0","2800","1900"
"OI1616","O1616","P003","1","3500","0","3500","2000"
"OI1617","O1617","P010","2","2800","0.05","5320","3520"
"OI1618","O1618","P001","1","45000","0.15","38250","13250"
"OI1619","O1619","P005","1","14000","0.1","12600","5600"
"OI1620","O1620","P002","1","22000","0.15","18700","6700"
"OI1621","O1621","P003","1","3500","0.05","3325","1825"
"OI1622","O1622","P016","1","250","0.05","238","88"
"OI1623","O1623","P008","2","2800","0.15","4760","2760"
"OI1624","O1624","P014","1","15000","0.05","14250","8250"
"OI1625","O1625","P013","2","5500","0.15","9350","4350"
"OI1626","O1626","P013","2","5500","0","11000","6000"
"OI1627","O1627","P020","1","800","0.1","720","370"
"OI1628","O1628","P002","1","22000","0","22000","10000"
"OI1629","O1629","P009","2","3500","0.15","5950","3550"
"OI1630","O1630","P005","1","14000","0","14000","7000"
"OI1631","O1631","P001","1","45000","0.1","40500","15500"
"OI1632","O1632","P001","1","45000","0.1","40500","15500"
"OI1633","O1633","P005","1","14000","0","14000","7000"
"OI1634","O1634","P002","1","22000","0.05","20900","8900"
"OI1635","O1635","P002","1","22000","0","22000","10000"
"OI1636","O1636","P011","1","18000","0","18000","10000"
"OI1637","O1637","P003","1","3500","0","3500","2000"
"OI1638","O1638","P004","2","6000","0.1","10800","4800"
"OI1639","O1639","P006","1","600","0.15","510","310"
"OI1640","O1640","P012","1","12000","0","12000","7000"
"OI1641","O1641","P002","1","22000","0","22000","10000"
"OI1642","O1642","P005","1","14000","0.15","11900","4900"
"OI1643","O1643","P014","1","15000","0","15000","9000"
"OI1644","O1644","P006","1","600","0.15","510","310"
"OI1645","O1645","P002","1","22000","0.1","19800","7800"
"OI1646","O1646","P005","1","14000","0","14000","7000"
"OI1647","O1647","P012","1","12000","0","12000","7000"
"OI1648","O1648","P014","1","15000","0","15000","9000"
"OI1649","O1649","P012","1","12000","0","12000","7000"
"OI1650","O1650","P012","1","12000","0","12000","7000"
"OI1651","O1651","P009","1","3500","0","3500","2300"
"OI1652","O1652","P012","1","12000","0","12000","7000"
"OI1653","O1653","P003","2","3500","0.15","5950","2950"
"OI1654","O1654","P001","1","45000","0","45000","20000"
"OI1655","O1655","P001","1","45000","0.05","42750","17750"
"OI1656","O1656","P014","1","15000","0","15000","9000"
"OI1657","O1657","P013","1","5500","0","5500","3000"
"OI1658","O1658","P014","1","15000","0.05","14250","8250"
"OI1659","O1659","P001","1","45000","0.05","42750","17750"
"OI1660","O1660","P007","2","1800","0","3600","2400"
"OI1661","O1661","P012","1","12000","0.15","10200","5200"
"OI1662","O1662","P011","1","18000","0","18000","10000"
"OI1663","O1663","P013","1","5500","0.05","5225","2725"
"OI1664","O1664","P013","2","5500","0.15","9350","4350"
"OI1665","O1665","P003","2","3500","0.1","6300","3300"
"OI1666","O1666","P004","2","6000","0.05","11400","5400"
"OI1667","O1667","P003","2","3500","0","7000","4000"
"OI1668","O1668","P012","1","12000","0.05","11400","6400"
"OI1669","O1669","P003","2","3500","0.1","6300","3300"
"OI1670","O1670","P011","1","18000","0.05","17100","9100"
"OI1671","O1671","P012","1","12000","0.05","11400","6400"
"OI1672","O1672","P015","3","350","0","1050","450"
"OI1673","O1673","P004","2","6000","0.15","10200","4200"
"OI1674","O1674","P013","1","5500","0.05","5225","2725"
"OI1675","O1675","P011","1","18000","0","18000","10000"
"OI1676","O1676","P005","1","14000","0.1","12600","5600"
"OI1677","O1677","P002","1","22000","0.1","19800","7800"
"OI1678","O1678","P014","1","15000","0","15000","9000"
"OI1679","O1679","P009","2","3500","0","7000","4600"
"OI1680","O1680","P001","1","45000","0.1","40500","15500"
"OI1681","O1681","P014","1","15000","0.05","14250","8250"
"OI1682","O1682","P001","1","45000","0","45000","20000"
"OI1683","O1683","P002","1","22000","0.05","20900","8900"
"OI1684","O1684","P003","2","3500","0","7000","4000"
"OI1685","O1685","P004","1","6000","0.15","5100","2100"
"OI1686","O1686","P001","1","45000","0.1","40500","15500"
"OI1687","O1687","P005","1","14000","0","14000","7000"
"OI1688","O1688","P001","1","45000","0.05","42750","17750"
"OI1689","O1689","P013","1","5500","0.05","5225","2725"
"OI1690","O1690","P001","1","45000","0.05","42750","17750"
"OI1691","O1691","P004","2","6000","0.1","10800","4800"
"OI1692","O1692","P011","1","18000","0.1","16200","8200"
"OI1693","O1693","P013","2","5500","0.1","9900","4900"
"OI1694","O1694","P009","1","3500","0","3500","2300"
"OI1695","O1695","P016","3","250","0.15","638","188"
"OI1696","O1696","P005","1","14000","0","14000","7000"
"OI1697","O1697","P018","2","600","0.1","1080","580"
"OI1698","O1698","P014","1","15000","0","15000","9000"
"OI1699","O1699","P012","1","12000","0.1","10800","5800"
"OI1700","O1700","P005","1","14000","0","14000","7000"
"OI1701","O1701","P004","1","6000","0.05","5700","2700"
"OI1702","O1702","P013","1","5500","0.05","5225","2725"
"OI1703","O1703","P020","4","800","0","3200","1800"
"OI1704","O1704","P014","1","15000","0.05","14250","8250"
"OI1705","O1705","P010","2","2800","0.15","4760","2960"
"OI1706","O1706","P001","1","45000","0","45000","20000"
"OI1707","O1707","P013","2","5500","0.15","9350","4350"
"OI1708","O1708","P003","1","3500","0","3500","2000"
"OI1709","O1709","P015","2","350","0.05","665","265"
"OI1710","O1710","P005","1","14000","0.15","11900","4900"
"OI1711","O1711","P013","1","5500","0","5500","3000"
"OI1712","O1712","P001","1","45000","0.15","38250","13250"
"OI1713","O1713","P014","1","15000","0","15000","9000"
"OI1714","O1714","P020","2","800","0","1600","900"
"OI1715","O1715","P012","1","12000","0","12000","7000"
"OI1716","O1716","P011","1","18000","0","18000","10000"
"OI1717","O1717","P005","1","14000","0.1","12600","5600"
"OI1718","O1718","P014","1","15000","0","15000","9000"
"OI1719","O1719","P007","1","1800","0","1800","1200"
"OI1720","O1720","P004","1","6000","0.15","5100","2100"
"OI1721","O1721","P010","1","2800","0","2800","1900"
"OI1722","O1722","P012","1","12000","0","12000","7000"
"OI1723","O1723","P005","1","14000","0","14000","7000"
"OI1724","O1724","P003","1","3500","0","3500","2000"
"OI1725","O1725","P010","2","2800","0","5600","3800"
"OI1726","O1726","P004","1","6000","0.1","5400","2400"
"OI1727","O1727","P007","2","1800","0","3600","2400"
"OI1728","O1728","P020","2","800","0","1600","900"
"OI1729","O1729","P015","4","350","0","1400","600"
"OI1730","O1730","P005","1","14000","0","14000","7000"
"OI1731","O1731","P001","1","45000","0.15","38250","13250"
"OI1732","O1732","P002","1","22000","0.1","19800","7800"
"OI1733","O1733","P011","1","18000","0.1","16200","8200"
"OI1734","O1734","P012","1","12000","0.05","11400","6400"
"OI1735","O1735","P006","2","600","0.05","1140","740"
"OI1736","O1736","P012","1","12000","0.15","10200","5200"
"OI1737","O1737","P005","1","14000","0.05","13300","6300"
"OI1738","O1738","P001","1","45000","0.05","42750","17750"
"OI1739","O1739","P007","1","1800","0.05","1710","1110"
"OI1740","O1740","P003","1","3500","0","3500","2000"
"OI1741","O1741","P003","1","3500","0","3500","2000"
"OI1742","O1742","P019","3","300","0.05","855","495"
"OI1743","O1743","P010","1","2800","0.05","2660","1760"
"OI1744","O1744","P020","4","800","0.1","2880","1480"
"OI1745","O1745","P020","1","800","0.05","760","410"
"OI1746","O1746","P015","3","350","0.15","893","293"
"OI1747","O1747","P011","1","18000","0.05","17100","9100"
"OI1748","O1748","P005","1","14000","0","14000","7000"
"OI1749","O1749","P011","1","18000","0","18000","10000"
"OI1750","O1750","P004","1","6000","0","6000","3000"
"OI1751","O1751","P006","2","600","0.1","1080","680"
"OI1752","O1752","P002","1","22000","0","22000","10000"
"OI1753","O1753","P011","1","18000","0.05","17100","9100"
"OI1754","O1754","P004","1","6000","0.15","5100","2100"
"OI1755","O1755","P005","1","14000","0.1","12600","5600"
"OI1756","O1756","P012","1","12000","0","12000","7000"
"OI1757","O1757","P005","1","14000","0","14000","7000"
"OI1758","O1758","P008","1","2800","0","2800","1800"
"OI1759","O1759","P008","1","2800","0","2800","1800"
"OI1760","O1760","P019","1","300","0","300","180"
"OI1761","O1761","P003","2","3500","0.15","5950","2950"
"OI1762","O1762","P001","1","45000","0","45000","20000"
"OI1763","O1763","P008","2","2800","0.05","5320","3320"
"OI1764","O1764","P010","1","2800","0","2800","1900"
"OI1765","O1765","P005","1","14000","0.05","13300","6300"
"OI1766","O1766","P003","2","3500","0.1","6300","3300"
"OI1767","O1767","P005","1","14000","0","14000","7000"
"OI1768","O1768","P005","1","14000","0.05","13300","6300"
"OI1769","O1769","P019","4","300","0","1200","720"
"OI1770","O1770","P011","1","18000","0","18000","10000"
"OI1771","O1771","P018","4","600","0.1","2160","1160"
"OI1772","O1772","P013","1","5500","0","5500","3000"
"OI1773","O1773","P008","2","2800","0.05","5320","3320"
"OI1774","O1774","P012","1","12000","0.05","11400","6400"
"OI1775","O1775","P020","1","800","0.05","760","410"
"OI1776","O1776","P009","1","3500","0","3500","2300"
"OI1777","O1777","P001","1","45000","0.05","42750","17750"
"OI1778","O1778","P001","1","45000","0.15","38250","13250"
"OI1779","O1779","P019","4","300","0.05","1140","660"
"OI1780","O1780","P001","1","45000","0","45000","20000"
"OI1781","O1781","P003","1","3500","0","3500","2000"
"OI1782","O1782","P001","1","45000","0.15","38250","13250"
"OI1783","O1783","P017","1","550","0.1","495","195"
"OI1784","O1784","P013","1","5500","0","5500","3000"
"OI1785","O1785","P012","1","12000","0","12000","7000"
"OI1786","O1786","P016","1","250","0.15","213","63"
"OI1787","O1787","P003","2","3500","0.05","6650","3650"
"OI1788","O1788","P016","3","250","0","750","300"
"OI1789","O1789","P011","1","18000","0","18000","10000"
"OI1790","O1790","P003","1","3500","0.1","3150","1650"
"OI1791","O1791","P020","4","800","0.1","2880","1480"
"OI1792","O1792","P006","3","600","0","1800","1200"
"OI1793","O1793","P008","1","2800","0.1","2520","1520"
"OI1794","O1794","P013","2","5500","0.1","9900","4900"
"OI1795","O1795","P012","1","12000","0.15","10200","5200"
"OI1796","O1796","P003","2","3500","0.15","5950","2950"
"OI1797","O1797","P018","2","600","0.1","1080","580"
"OI1798","O1798","P001","1","45000","0.1","40500","15500"
"OI1799","O1799","P016","1","250","0.05","238","88"
"OI1800","O1800","P002","1","22000","0.15","18700","6700"