order_id,customer_id,order_date,status,total_amount
"O0001","C115","2024-01-01","Completed","1485"
"O0002","C029","2024-01-01","Completed","7000"
"O0003","C087","2024-01-01","Completed","550"
"O0004","C080","2024-01-01","Completed","3325"
"O0005","C028","2024-01-01","Completed","14250"
"O0006","C033","2024-01-02","Completed","255"
"O0007","C009","2024-01-02","Completed","1530"
"O0008","C017","2024-01-02","Completed","1050"
"O0009","C011","2024-01-02","Completed","2660"
"O0010","C024","2024-01-02","Completed","11400"
"O0011","C077","2024-01-03","Completed","12750"
"O0012","C066","2024-01-03","Completed","12000"
"O0013","C027","2024-01-03","Completed","3500"
"O0014","C092","2024-01-03","Completed","20900"
"O0015","C038","2024-01-04","Completed","7000"
"O0016","C060","2024-01-04","Completed","12750"
"O0017","C004","2024-01-04","Completed","7000"
"O0018","C003","2024-01-04","Completed","5040"
"O0019","C108","2024-01-04","Completed","14250"
"O0020","C017","2024-01-05","Completed","1000"
"O0021","C073","2024-01-05","Completed","10800"
"O0022","C076","2024-01-05","Completed","5500"
"O0023","C013","2024-01-05","Completed","12000"
"O0024","C049","2024-01-06","Completed","11900"
"O0025","C012","2024-01-06","Completed","5600"
"O0026","C019","2024-01-06","Completed","2520"
"O0027","C015","2024-01-06","Completed","300"
"O0028","C008","2024-01-06","Completed","11400"
"O0029","C103","2024-01-07","Completed","11900"
"O0030","C079","2024-01-07","Completed","5100"
"O0031","C015","2024-01-07","Completed","45000"
"O0032","C047","2024-01-07","Completed","11400"
"O0033","C097","2024-01-07","Completed","5400"
"O0034","C037","2024-01-08","Completed","15000"
"O0035","C077","2024-01-08","Completed","2400"
"O0036","C113","2024-01-08","Completed","11000"
"O0037","C080","2024-01-08","Completed","18700"
"O0038","C007","2024-01-09","Completed","12600"
"O0039","C041","2024-01-09","Completed","5100"
"O0040","C002","2024-01-09","Completed","15000"
"O0041","C001","2024-01-09","Completed","2720"
"O0042","C020","2024-01-09","Completed","22000"
"O0043","C033","2024-01-10","Completed","14000"
"O0044","C010","2024-01-10","Completed","13300"
"O0045","C005","2024-01-10","Completed","720"
"O0046","C002","2024-01-10","Completed","17100"
"O0047","C089","2024-01-11","Completed","18700"
"O0048","C098","2024-01-11","Completed","10800"
"O0049","C007","2024-01-11","Completed","19800"
"O0050","C007","2024-01-11","Completed","42750"
"O0051","C094","2024-01-11","Completed","9900"
"O0052","C063","2024-01-12","Completed","10200"
"O0053","C005","2024-01-12","Completed","20900"
"O0054","C032","2024-01-12","Completed","2660"
"O0055","C024","2024-01-12","Completed","3420"
"O0056","C024","2024-01-13","Completed","4675"
"O0057","C107","2024-01-13","Completed","10800"
"O0058","C017","2024-01-13","Completed","11900"
"O0059","C102","2024-01-13","Completed","7000"
"O0060","C094","2024-01-13","Completed","14000"
"O0061","C004","2024-01-14","Completed","12750"
"O0062","C104","2024-01-14","Completed","2400"
"O0063","C022","2024-01-14","Completed","11400"
"O0064","C020","2024-01-14","Completed","12000"
"O0065","C023","2024-01-14","Completed","5600"
"O0066","C022","2024-01-15","Completed","12000"
"O0067","C074","2024-01-15","Completed","18700"
"O0068","C058","2024-01-15","Completed","12000"
"O0069","C112","2024-01-15","Completed","20900"
"O0070","C074","2024-01-16","Completed","13300"
"O0071","C043","2024-01-16","Completed","1520"
"O0072","C015","2024-01-16","Completed","12000"
"O0073","C062","2024-01-16","Completed","1080"
"O0074","C090","2024-01-16","Completed","18000"
"O0075","C035","2024-01-17","Completed","1360"
"O0076","C001","2024-01-17","Completed","17100"
"O0077","C019","2024-01-17","Completed","16200"
"O0078","C005","2024-01-17","Completed","5100"
"O0079","C100","2024-01-18","Completed","22000"
"O0080","C022","2024-01-18","Completed","600"
"O0081","C086","2024-01-18","Completed","45000"
"O0082","C119","2024-01-18","Completed","11000"
"O0083","C005","2024-01-18","Completed","3500"
"O0084","C072","2024-01-19","Completed","3420"
"O0085","C023","2024-01-19","Completed","13300"
"O0086","C077","2024-01-19","Completed","45000"
"O0087","C113","2024-01-19","Completed","11000"
"O0088","C088","2024-01-19","Completed","14250"
"O0089","C005","2024-01-20","Completed","10200"
"O0090","C017","2024-01-20","Completed","12000"
"O0091","C040","2024-01-20","Completed","720"
"O0092","C075","2024-01-20","Completed","5100"
"O0093","C037","2024-01-21","Completed","38250"
"O0094","C005","2024-01-21","Completed","3500"
"O0095","C099","2024-01-21","Completed","350"
"O0096","C052","2024-01-21","Completed","3500"
"O0097","C116","2024-01-21","Completed","19800"
"O0098","C086","2024-01-22","Completed","1140"
"O0099","C071","2024-01-22","Completed","12600"
"O0100","C111","2024-01-22","Completed","10800"
"O0101","C095","2024-01-22","Completed","14250"
"O0102","C004","2024-01-23","Completed","5320"
"O0103","C081","2024-01-23","Completed","14000"
"O0104","C093","2024-01-23","Completed","22000"
"O0105","C085","2024-01-23","Completed","11900"
"O0106","C095","2024-01-23","Completed","1400"
"O0107","C017","2024-01-24","Completed","19800"
"O0108","C038","2024-01-24","Completed","12000"
"O0109","C031","2024-01-24","Completed","12000"
"O0110","C087","2024-01-24","Completed","22000"
"O0111","C060","2024-01-25","Completed","7000"
"O0112","C084","2024-01-25","Completed","40500"
"O0113","C014","2024-01-25","Completed","14000"
"O0114","C010","2024-01-25","Completed","570"
"O0115","C085","2024-01-25","Completed","7000"
"O0116","C006","2024-01-26","Completed","5600"
"O0117","C016","2024-01-26","Completed","5700"
"O0118","C012","2024-01-26","Completed","510"
"O0119","C030","2024-01-26","Completed","2800"
"O0120","C020","2024-01-26","Completed","3500"
"O0121","C086","2024-01-27","Completed","1485"
"O0122","C080","2024-01-27","Completed","540"
"O0123","C116","2024-01-27","Completed","20900"
"O0124","C093","2024-01-27","Completed","14000"
"O0125","C102","2024-01-28","Completed","11000"
"O0126","C058","2024-01-28","Completed","12750"
"O0127","C009","2024-01-28","Completed","11400"
"O0128","C112","2024-01-28","Completed","42750"
"O0129","C016","2024-01-28","Completed","22000"
"O0130","C019","2024-01-29","Completed","2800"
"O0131","C079","2024-01-29","Completed","18000"
"O0132","C051","2024-01-29","Completed","12000"
"O0133","C063","2024-01-29","Completed","5320"
"O0134","C109","2024-01-30","Completed","2800"
"O0135","C025","2024-01-30","Completed","45000"
"O0136","C120","2024-01-30","Completed","45000"
"O0137","C024","2024-01-30","Completed","15300"
"O0138","C118","2024-01-30","Completed","18000"
"O0139","C104","2024-01-31","Completed","3500"
"O0140","C089","2024-01-31","Completed","1800"
"O0141","C119","2024-01-31","Completed","12000"
"O0142","C061","2024-01-31","Completed","1140"
"O0143","C074","2024-02-01","Completed","16200"
"O0144","C061","2024-02-01","Completed","5320"
"O0145","C115","2024-02-01","Completed","13300"
"O0146","C013","2024-02-01","Completed","2660"
"O0147","C119","2024-02-01","Completed","7000"
"O0148","C059","2024-02-02","Completed","1020"
"O0149","C058","2024-02-02","Completed","1020"
"O0150","C007","2024-02-02","Completed","1710"
"O0151","C004","2024-02-02","Completed","550"
"O0152","C011","2024-02-02","Completed","2400"
"O0153","C013","2024-02-03","Completed","2160"
"O0154","C110","2024-02-03","Completed","2280"
"O0155","C043","2024-02-03","Completed","600"
"O0156","C016","2024-02-03","Completed","9350"
"O0157","C033","2024-02-04","Completed","5320"
"O0158","C027","2024-02-04","Completed","15000"
"O0159","C037","2024-02-04","Completed","2380"
"O0160","C094","2024-02-04","Completed","10450"
"O0161","C088","2024-02-04","Completed","3600"
"O0162","C027","2024-02-05","Completed","1800"
"O0163","C109","2024-02-05","Completed","3600"
"O0164","C031","2024-02-05","Completed","45000"
"O0165","C008","2024-02-05","Completed","4760"
"O0166","C078","2024-02-06","Completed","12600"
"O0167","C081","2024-02-06","Completed","40500"
"O0168","C086","2024-02-06","Completed","42750"
"O0169","C046","2024-02-06","Completed","13300"
"O0170","C002","2024-02-06","Completed","3500"
"O0171","C006","2024-02-07","Completed","5950"
"O0172","C003","2024-02-07","Completed","1800"
"O0173","C032","2024-02-07","Completed","3240"
"O0174","C107","2024-02-07","Completed","13500"
"O0175","C062","2024-02-08","Completed","1200"
"O0176","C112","2024-02-08","Completed","45000"
"O0177","C009","2024-02-08","Completed","7000"
"O0178","C031","2024-02-08","Completed","700"
"O0179","C012","2024-02-08","Completed","2520"
"O0180","C081","2024-02-09","Completed","15000"
"O0181","C087","2024-02-09","Completed","10800"
"O0182","C043","2024-02-09","Completed","2880"
"O0183","C040","2024-02-09","Completed","12000"
"O0184","C007","2024-02-10","Completed","5320"
"O0185","C022","2024-02-10","Completed","5400"
"O0186","C075","2024-02-10","Completed","6650"
"O0187","C009","2024-02-10","Completed","2520"
"O0188","C085","2024-02-10","Completed","5320"
"O0189","C020","2024-02-11","Completed","12000"
"O0190","C101","2024-02-11","Completed","1530"
"O0191","C083","2024-02-11","Completed","16200"
"O0192","C014","2024-02-11","Completed","3600"
"O0193","C079","2024-02-11","Completed","5400"
"O0194","C116","2024-02-12","Completed","1530"
"O0195","C091","2024-02-12","Completed","11000"
"O0196","C063","2024-02-12","Completed","10800"
"O0197","C086","2024-02-12","Completed","4675"
"O0198","C050","2024-02-13","Completed","5500"
"O0199","C098","2024-02-13","Completed","810"
"O0200","C084","2024-02-13","Completed","13300"
"O0201","C117","2024-02-13","Completed","2040"
"O0202","C001","2024-02-13","Completed","285"
"O0203","C051","2024-02-14","Completed","2520"
"O0204","C099","2024-02-14","Completed","2280"
"O0205","C093","2024-02-14","Completed","40500"
"O0206","C056","2024-02-14","Completed","5700"
"O0207","C109","2024-02-15","Completed","15000"
"O0208","C032","2024-02-15","Completed","2280"
"O0209","C010","2024-02-15","Completed","5100"
"O0210","C030","2024-02-15","Completed","14000"
"O0211","C053","2024-02-15","Completed","10200"
"O0212","C001","2024-02-16","Completed","2400"
"O0213","C101","2024-02-16","Completed","2040"
"O0214","C091","2024-02-16","Completed","14000"
"O0215","C049","2024-02-16","Completed","40500"
"O0216","C064","2024-02-17","Completed","11000"
"O0217","C029","2024-02-17","Completed","3600"
"O0218","C051","2024-02-17","Completed","5500"
"O0219","C119","2024-02-17","Completed","12600"
"O0220","C119","2024-02-17","Completed","6000"
"O0221","C025","2024-02-18","Completed","11400"
"O0222","C100","2024-02-18","Completed","3325"
"O0223","C046","2024-02-18","Completed","945"
"O0224","C046","2024-02-18","Completed","10450"
"O0225","C016","2024-02-19","Completed","6000"
"O0226","C065","2024-02-19","Completed","5600"
"O0227","C063","2024-02-19","Completed","6650"
"O0228","C082","2024-02-19","Completed","15000"
"O0229","C094","2024-02-19","Completed","2660"
"O0230","C052","2024-02-20","Completed","1620"
"O0231","C078","2024-02-20","Completed","2975"
"O0232","C068","2024-02-20","Completed","1330"
"O0233","C042","2024-02-20","Completed","285"
"O0234","C088","2024-02-20","Completed","3150"
"O0235","C003","2024-02-21","Completed","1100"
"O0236","C091","2024-02-21","Completed","3200"
"O0237","C002","2024-02-21","Completed","22000"
"O0238","C054","2024-02-21","Completed","15000"
"O0239","C085","2024-02-22","Completed","2720"
"O0240","C027","2024-02-22","Completed","2400"
"O0241","C003","2024-02-22","Completed","6650"
"O0242","C060","2024-02-22","Completed","1800"
"O0243","C109","2024-02-22","Completed","13500"
"O0244","C080","2024-02-23","Completed","570"
"O0245","C116","2024-02-23","Completed","11400"
"O0246","C100","2024-02-23","Completed","40500"
"O0247","C044","2024-02-23","Completed","18000"
"O0248","C009","2024-02-24","Completed","13300"
"O0249","C043","2024-02-24","Completed","12600"
"O0250","C056","2024-02-24","Completed","16200"
"O0251","C014","2024-02-24","Completed","38250"
"O0252","C022","2024-02-24","Completed","1620"
"O0253","C086","2024-02-25","Completed","720"
"O0254","C020","2024-02-25","Completed","1710"
"O0255","C018","2024-02-25","Completed","11900"
"O0256","C009","2024-02-25","Completed","45000"
"O0257","C042","2024-02-26","Completed","18000"
"O0258","C001","2024-02-26","Completed","700"
"O0259","C031","2024-02-26","Completed","15000"
"O0260","C008","2024-02-26","Completed","11400"
"O0261","C025","2024-02-26","Completed","1800"
"O0262","C085","2024-02-27","Completed","13300"
"O0263","C009","2024-02-27","Completed","9350"
"O0264","C098","2024-02-27","Completed","5600"
"O0265","C105","2024-02-27","Completed","45000"
"O0266","C094","2024-02-28","Completed","7000"
"O0267","C005","2024-02-28","Completed","3150"
"O0268","C048","2024-02-28","Completed","5225"
"O0269","C024","2024-02-28","Completed","22000"
"O0270","C032","2024-02-28","Completed","38250"
"O0271","C087","2024-02-29","Completed","15000"
"O0272","C120","2024-02-29","Completed","11000"
"O0273","C010","2024-02-29","Completed","18000"
"O0274","C105","2024-02-29","Completed","11900"
"O0275","C002","2024-03-01","Completed","1485"
"O0276","C081","2024-03-01","Completed","425"
"O0277","C067","2024-03-01","Completed","1140"
"O0278","C075","2024-03-01","Completed","2975"
"O0279","C106","2024-03-01","Completed","2660"
"O0280","C008","2024-03-02","Completed","12600"
"O0281","C110","2024-03-02","Completed","14000"
"O0282","C025","2024-03-02","Completed","18000"
"O0283","C004","2024-03-02","Completed","40500"
"O0284","C030","2024-03-02","Completed","16200"
"O0285","C116","2024-03-03","Completed","15300"
"O0286","C109","2024-03-03","Completed","2040"
"O0287","C046","2024-03-03","Completed","18000"
"O0288","C077","2024-03-03","Completed","10800"
"O0289","C097","2024-03-03","Completed","18700"
"O0290","C052","2024-03-04","Completed","11000"
"O0291","C107","2024-03-04","Completed","3500"
"O0292","C064","2024-03-04","Completed","11400"
"O0293","C032","2024-03-04","Completed","2520"
"O0294","C013","2024-03-04","Completed","11000"
"O0295","C083","2024-03-05","Completed","10200"
"O0296","C015","2024-03-05","Completed","3325"
"O0297","C024","2024-03-05","Completed","12000"
"O0298","C078","2024-03-05","Completed","12600"
"O0299","C030","2024-03-05","Completed","14250"
"O0300","C102","2024-03-06","Completed","15000"
"O0301","C031","2024-03-06","Completed","38250"
"O0302","C055","2024-03-06","Completed","2800"
"O0303","C016","2024-03-06","Completed","3325"
"O0304","C046","2024-03-06","Completed","1530"
"O0305","C118","2024-03-07","Completed","2800"
"O0306","C071","2024-03-07","Completed","10200"
"O0307","C021","2024-03-07","Completed","22000"
"O0308","C082","2024-03-07","Completed","20900"
"O0309","C034","2024-03-07","Completed","10450"
"O0310","C011","2024-03-08","Completed","5040"
"O0311","C024","2024-03-08","Completed","3600"
"O0312","C090","2024-03-08","Completed","6650"
"O0313","C024","2024-03-08","Completed","14000"
"O0314","C023","2024-03-08","Completed","3150"
"O0315","C101","2024-03-09","Completed","5320"
"O0316","C079","2024-03-09","Completed","10800"
"O0317","C015","2024-03-09","Completed","45000"
"O0318","C106","2024-03-09","Completed","6300"
"O0319","C013","2024-03-09","Completed","9900"
"O0320","C014","2024-03-10","Completed","40500"
"O0321","C118","2024-03-10","Completed","5400"
"O0322","C086","2024-03-10","Completed","38250"
"O0323","C016","2024-03-10","Completed","9350"
"O0324","C020","2024-03-10","Completed","285"
"O0325","C040","2024-03-11","Completed","17100"
"O0326","C007","2024-03-11","Completed","12000"
"O0327","C073","2024-03-11","Completed","13500"
"O0328","C027","2024-03-11","Completed","14000"
"O0329","C082","2024-03-11","Completed","18700"
"O0330","C110","2024-03-12","Completed","12000"
"O0331","C014","2024-03-12","Completed","14000"
"O0332","C104","2024-03-12","Completed","18000"
"O0333","C007","2024-03-12","Completed","14250"
"O0334","C095","2024-03-12","Completed","3500"
"O0335","C017","2024-03-13","Completed","13500"
"O0336","C052","2024-03-13","Completed","38250"
"O0337","C099","2024-03-13","Completed","10200"
"O0338","C100","2024-03-13","Completed","14000"
"O0339","C002","2024-03-13","Completed","5950"
"O0340","C020","2024-03-14","Completed","333"
"O0341","C011","2024-03-14","Completed","18700"
"O0342","C068","2024-03-14","Completed","6650"
"O0343","C066","2024-03-14","Completed","5225"
"O0344","C064","2024-03-14","Completed","1020"
"O0345","C083","2024-03-15","Completed","12000"
"O0346","C021","2024-03-15","Completed","45000"
"O0347","C108","2024-03-15","Completed","1800"
"O0348","C120","2024-03-15","Completed","19800"
"O0349","C083","2024-03-15","Completed","5320"
"O0350","C092","2024-03-16","Completed","14250"
"O0351","C094","2024-03-16","Completed","600"
"O0352","C099","2024-03-16","Completed","22000"
"O0353","C087","2024-03-16","Completed","510"
"O0354","C058","2024-03-17","Completed","300"
"O0355","C021","2024-03-17","Completed","1403"
"O0356","C006","2024-03-17","Completed","15300"
"O0357","C116","2024-03-17","Completed","3500"
"O0358","C022","2024-03-17","Completed","2975"
"O0359","C103","2024-03-18","Completed","18000"
"O0360","C069","2024-03-18","Completed","255"
"O0361","C021","2024-03-18","Completed","5500"
"O0362","C016","2024-03-18","Completed","5600"
"O0363","C011","2024-03-18","Completed","1800"
"O0364","C107","2024-03-19","Completed","19800"
"O0365","C046","2024-03-19","Completed","13300"
"O0366","C023","2024-03-19","Completed","16200"
"O0367","C028","2024-03-19","Completed","3325"
"O0368","C092","2024-03-19","Completed","10200"
"O0369","C014","2024-03-20","Completed","9900"
"O0370","C065","2024-03-20","Completed","45000"
"O0371","C030","2024-03-20","Completed","11400"
"O0372","C013","2024-03-20","Completed","19800"
"O0373","C002","2024-03-20","Completed","40500"
"O0374","C054","2024-03-21","Completed","1020"
"O0375","C059","2024-03-21","Completed","14000"
"O0376","C022","2024-03-21","Completed","3240"
"O0377","C114","2024-03-21","Completed","10800"
"O0378","C047","2024-03-21","Completed","1800"
"O0379","C023","2024-03-22","Completed","700"
"O0380","C082","2024-03-22","Completed","2720"
"O0381","C110","2024-03-22","Completed","1710"
"O0382","C105","2024-03-22","Completed","500"
"O0383","C114","2024-03-22","Completed","800"
"O0384","C116","2024-03-23","Completed","3150"
"O0385","C028","2024-03-23","Completed","1045"
"O0386","C016","2024-03-23","Completed","3500"
"O0387","C091","2024-03-23","Completed","10200"
"O0388","C099","2024-03-23","Completed","15000"
"O0389","C014","2024-03-24","Completed","11400"
"O0390","C061","2024-03-24","Completed","15000"
"O0391","C080","2024-03-24","Completed","40500"
"O0392","C108","2024-03-24","Completed","13300"
"O0393","C030","2024-03-24","Completed","20900"
"O0394","C072","2024-03-25","Completed","45000"
"O0395","C089","2024-03-25","Completed","45000"
"O0396","C066","2024-03-25","Completed","13500"
"O0397","C001","2024-03-25","Completed","11400"
"O0398","C115","2024-03-25","Completed","16200"
"O0399","C047","2024-03-26","Completed","600"
"O0400","C095","2024-03-26","Completed","11000"
"O0401","C019","2024-03-26","Completed","14000"
"O0402","C028","2024-03-26","Completed","12000"
"O0403","C032","2024-03-26","Completed","2800"
"O0404","C023","2024-03-27","Completed","4760"
"O0405","C048","2024-03-27","Completed","7000"
"O0406","C020","2024-03-27","Completed","5320"
"O0407","C014","2024-03-27","Completed","45000"
"O0408","C011","2024-03-27","Completed","500"
"O0409","C060","2024-03-28","Completed","12000"
"O0410","C119","2024-03-28","Completed","1620"
"O0411","C029","2024-03-28","Completed","5500"
"O0412","C050","2024-03-28","Completed","2800"
"O0413","C006","2024-03-28","Completed","6000"
"O0414","C088","2024-03-29","Completed","13300"
"O0415","C018","2024-03-29","Completed","1440"
"O0416","C045","2024-03-29","Completed","15000"
"O0417","C014","2024-03-29","Completed","800"
"O0418","C076","2024-03-29","Completed","1620"
"O0419","C011","2024-03-30","Completed","5500"
"O0420","C082","2024-03-30","Completed","950"
"O0421","C010","2024-03-30","Completed","2975"
"O0422","C049","2024-03-30","Completed","10450"
"O0423","C031","2024-03-30","Completed","1020"
"O0424","C118","2024-03-31","Completed","600"
"O0425","C005","2024-03-31","Completed","6300"
"O0426","C041","2024-03-31","Completed","5950"
"O0427","C050","2024-03-31","Completed","10200"
"O0428","C011","2024-04-01","Completed","595"
"O0429","C058","2024-04-01","Completed","5700"
"O0430","C004","2024-04-01","Completed","2520"
"O0431","C016","2024-04-01","Completed","15000"
"O0432","C020","2024-04-01","Completed","22000"
"O0433","C078","2024-04-02","Completed","250"
"O0434","C049","2024-04-02","Completed","5700"
"O0435","C091","2024-04-02","Completed","510"
"O0436","C003","2024-04-02","Completed","540"
"O0437","C088","2024-04-02","Completed","12000"
"O0438","C085","2024-04-03","Completed","12750"
"O0439","C043","2024-04-03","Completed","6000"
"O0440","C009","2024-04-03","Completed","13500"
"O0441","C016","2024-04-03","Completed","550"
"O0442","C026","2024-04-03","Completed","12000"
"O0443","C050","2024-04-04","Completed","2280"
"O0444","C057","2024-04-04","Completed","20900"
"O0445","C117","2024-04-04","Completed","20900"
"O0446","C089","2024-04-04","Completed","1530"
"O0447","C002","2024-04-04","Completed","4950"
"O0448","C012","2024-04-05","Completed","12600"
"O0449","C055","2024-04-05","Completed","15000"
"O0450","C013","2024-04-05","Completed","4675"
"O0451","C026","2024-04-05","Completed","5600"
"O0452","C103","2024-04-05","Completed","12600"
"O0453","C107","2024-04-06","Completed","5400"
"O0454","C115","2024-04-06","Completed","22000"
"O0455","C114","2024-04-06","Completed","22000"
"O0456","C067","2024-04-06","Completed","6300"
"O0457","C042","2024-04-06","Completed","1045"
"O0458","C031","2024-04-07","Completed","38250"
"O0459","C110","2024-04-07","Completed","10800"
"O0460","C116","2024-04-07","Completed","9350"
"O0461","C024","2024-04-07","Completed","1200"
"O0462","C056","2024-04-07","Completed","2280"
"O0463","C020","2024-04-08","Completed","2160"
"O0464","C005","2024-04-08","Completed","42750"
"O0465","C098","2024-04-08","Completed","12600"
"O0466","C013","2024-04-08","Completed","11000"
"O0467","C067","2024-04-08","Completed","22000"
"O0468","C014","2024-04-09","Completed","3500"
"O0469","C067","2024-04-09","Completed","2975"
"O0470","C038","2024-04-09","Completed","14250"
"O0471","C024","2024-04-09","Completed","4675"
"O0472","C117","2024-04-09","Completed","2400"
"O0473","C111","2024-04-10","Completed","1710"
"O0474","C018","2024-04-10","Completed","17100"
"O0475","C022","2024-04-10","Completed","42750"
"O0476","C070","2024-04-10","Completed","3325"
"O0477","C008","2024-04-10","Completed","270"
"O0478","C050","2024-04-11","Completed","3500"
"O0479","C039","2024-04-11","Completed","11000"
"O0480","C035","2024-04-11","Completed","12750"
"O0481","C023","2024-04-11","Completed","10800"
"O0482","C014","2024-04-11","Completed","5700"
"O0483","C014","2024-04-12","Completed","14000"
"O0484","C063","2024-04-12","Completed","14250"
"O0485","C120","2024-04-12","Completed","11900"
"O0486","C112","2024-04-12","Completed","18700"
"O0487","C060","2024-04-12","Completed","2380"
"O0488","C106","2024-04-13","Completed","18000"
"O0489","C016","2024-04-13","Completed","22000"
"O0490","C035","2024-04-13","Completed","1200"
"O0491","C032","2024-04-13","Completed","1200"
"O0492","C102","2024-04-13","Completed","6300"
"O0493","C046","2024-04-14","Completed","713"
"O0494","C006","2024-04-14","Completed","1020"
"O0495","C057","2024-04-14","Completed","5500"
"O0496","C051","2024-04-14","Completed","45000"
"O0497","C046","2024-04-14","Completed","6300"
"O0498","C038","2024-04-15","Completed","17100"
"O0499","C017","2024-04-15","Completed","12000"
"O0500","C007","2024-04-15","Completed","2800"
"O0501","C082","2024-04-15","Completed","5500"
"O0502","C056","2024-04-16","Completed","22000"
"O0503","C015","2024-04-16","Completed","13500"
"O0504","C018","2024-04-16","Completed","14000"
"O0505","C009","2024-04-16","Completed","11400"
"O0506","C002","2024-04-16","Completed","12600"
"O0507","C073","2024-04-17","Completed","2660"
"O0508","C018","2024-04-17","Completed","16200"
"O0509","C015","2024-04-17","Completed","9900"
"O0510","C104","2024-04-17","Completed","10450"
"O0511","C120","2024-04-17","Completed","12600"
"O0512","C078","2024-04-18","Completed","5225"
"O0513","C078","2024-04-18","Completed","20900"
"O0514","C024","2024-04-18","Completed","13300"
"O0515","C011","2024-04-18","Completed","2520"
"O0516","C095","2024-04-18","Completed","550"
"O0517","C083","2024-04-19","Completed","5950"
"O0518","C024","2024-04-19","Completed","15000"
"O0519","C043","2024-04-19","Completed","9350"
"O0520","C036","2024-04-19","Completed","20900"
"O0521","C033","2024-04-19","Completed","22000"
"O0522","C078","2024-04-20","Completed","4675"
"O0523","C015","2024-04-20","Completed","12600"
"O0524","C065","2024-04-20","Completed","315"
"O0525","C019","2024-04-20","Completed","10200"
"O0526","C046","2024-04-20","Completed","1050"
"O0527","C011","2024-04-21","Completed","4675"
"O0528","C019","2024-04-21","Completed","550"
"O0529","C063","2024-04-21","Completed","9900"
"O0530","C009","2024-04-21","Completed","15000"
"O0531","C039","2024-04-21","Completed","45000"
"O0532","C033","2024-04-22","Completed","7000"
"O0533","C006","2024-04-22","Completed","18000"
"O0534","C039","2024-04-22","Completed","10800"
"O0535","C018","2024-04-22","Completed","38250"
"O0536","C103","2024-04-22","Completed","20900"
"O0537","C084","2024-04-23","Completed","250"
"O0538","C034","2024-04-23","Completed","13300"
"O0539","C023","2024-04-23","Completed","2280"
"O0540","C054","2024-04-23","Completed","9900"
"O0541","C045","2024-04-23","Completed","18000"
"O0542","C117","2024-04-24","Completed","5040"
"O0543","C085","2024-04-24","Completed","45000"
"O0544","C103","2024-04-24","Completed","42750"
"O0545","C007","2024-04-24","Completed","10800"
"O0546","C021","2024-04-24","Completed","14000"
"O0547","C065","2024-04-25","Completed","13300"
"O0548","C114","2024-04-25","Completed","1200"
"O0549","C056","2024-04-25","Completed","5100"
"O0550","C092","2024-04-25","Completed","990"
"O0551","C080","2024-04-25","Completed","17100"
"O0552","C093","2024-04-26","Completed","40500"
"O0553","C116","2024-04-26","Completed","12000"
"O0554","C116","2024-04-26","Completed","2400"
"O0555","C016","2024-04-26","Completed","11000"
"O0556","C066","2024-04-26","Completed","1710"
"O0557","C036","2024-04-27","Completed","10800"
"O0558","C064","2024-04-27","Completed","1020"
"O0559","C006","2024-04-27","Completed","10450"
"O0560","C052","2024-04-27","Completed","20900"
"O0561","C013","2024-04-27","Completed","17100"
"O0562","C069","2024-04-28","Completed","680"
"O0563","C111","2024-04-28","Completed","238"
"O0564","C012","2024-04-28","Completed","20900"
"O0565","C093","2024-04-28","Completed","3325"
"O0566","C022","2024-04-28","Completed","9350"
"O0567","C116","2024-04-29","Completed","5320"
"O0568","C010","2024-04-29","Completed","2400"
"O0569","C076","2024-04-29","Completed","17100"
"O0570","C029","2024-04-29","Completed","15000"
"O0571","C070","2024-04-29","Completed","3500"
"O0572","C056","2024-04-30","Completed","5500"
"O0573","C049","2024-04-30","Completed","14000"
"O0574","C033","2024-04-30","Completed","5040"
"O0575","C086","2024-04-30","Completed","3500"
"O0576","C046","2024-05-01","Completed","350"
"O0577","C062","2024-05-01","Completed","10800"
"O0578","C024","2024-05-01","Completed","42750"
"O0579","C017","2024-05-01","Completed","1800"
"O0580","C088","2024-05-01","Completed","2800"
"O0581","C049","2024-05-02","Completed","45000"
"O0582","C064","2024-05-02","Completed","40500"
"O0583","C091","2024-05-02","Completed","5600"
"O0584","C004","2024-05-02","Completed","4675"
"O0585","C008","2024-05-02","Completed","6000"
"O0586","C020","2024-05-03","Completed","1140"
"O0587","C118","2024-05-03","Completed","5400"
"O0588","C001","2024-05-03","Completed","18000"
"O0589","C065","2024-05-03","Completed","15000"
"O0590","C107","2024-05-03","Completed","10450"
"O0591","C015","2024-05-04","Completed","12000"
"O0592","C095","2024-05-04","Completed","2040"
"O0593","C064","2024-05-04","Completed","998"
"O0594","C098","2024-05-04","Completed","570"
"O0595","C055","2024-05-04","Completed","1200"
"O0596","C061","2024-05-05","Completed","5500"
"O0597","C080","2024-05-05","Completed","4950"
"O0598","C070","2024-05-05","Completed","945"
"O0599","C011","2024-05-05","Completed","1800"
"O0600","C009","2024-05-05","Completed","45000"
"O0601","C026","2024-05-06","Completed","2800"
"O0602","C019","2024-05-06","Completed","13300"
"O0603","C112","2024-05-06","Completed","7000"
"O0604","C018","2024-05-06","Completed","13500"
"O0605","C088","2024-05-06","Completed","10200"
"O0606","C017","2024-05-07","Completed","22000"
"O0607","C008","2024-05-07","Completed","17100"
"O0608","C023","2024-05-07","Completed","14250"
"O0609","C071","2024-05-07","Completed","16200"
"O0610","C020","2024-05-08","Completed","3240"
"O0611","C010","2024-05-08","Completed","15000"
"O0612","C025","2024-05-08","Completed","600"
"O0613","C104","2024-05-08","Completed","42750"
"O0614","C021","2024-05-08","Completed","1710"
"O0615","C092","2024-05-09","Completed","5700"
"O0616","C023","2024-05-09","Completed","5225"
"O0617","C020","2024-05-09","Completed","11000"
"O0618","C089","2024-05-09","Completed","2975"
"O0619","C021","2024-05-09","Completed","14250"
"O0620","C050","2024-05-10","Completed","1200"
"O0621","C116","2024-05-10","Completed","2280"
"O0622","C020","2024-05-10","Completed","3420"
"O0623","C054","2024-05-10","Completed","11000"
"O0624","C040","2024-05-10","Completed","18000"
"O0625","C050","2024-05-11","Completed","12000"
"O0626","C105","2024-05-11","Completed","12000"
"O0627","C094","2024-05-11","Completed","42750"
"O0628","C002","2024-05-11","Completed","500"
"O0629","C019","2024-05-11","Completed","250"
"O0630","C099","2024-05-12","Completed","14250"
"O0631","C086","2024-05-12","Completed","5700"
"O0632","C069","2024-05-12","Completed","14000"
"O0633","C094","2024-05-12","Completed","9900"
"O0634","C079","2024-05-12","Completed","15000"
"O0635","C013","2024-05-13","Completed","1260"
"O0636","C104","2024-05-13","Completed","2160"
"O0637","C089","2024-05-13","Completed","2280"
"O0638","C101","2024-05-13","Completed","3325"
"O0639","C088","2024-05-14","Completed","10800"
"O0640","C091","2024-05-14","Completed","14000"
"O0641","C085","2024-05-14","Completed","17100"
"O0642","C110","2024-05-14","Completed","45000"
"O0643","C015","2024-05-14","Completed","7000"
"O0644","C061","2024-05-15","Completed","38250"
"O0645","C112","2024-05-15","Completed","12600"
"O0646","C073","2024-05-15","Completed","13500"
"O0647","C026","2024-05-15","Completed","6650"
"O0648","C050","2024-05-15","Completed","15000"
"O0649","C005","2024-05-16","Completed","11900"
"O0650","C106","2024-05-16","Completed","12000"
"O0651","C022","2024-05-16","Completed","7000"
"O0652","C103","2024-05-16","Completed","3500"
"O0653","C025","2024-05-16","Completed","40500"
"O0654","C113","2024-05-17","Completed","510"
"O0655","C073","2024-05-17","Completed","10200"
"O0656","C043","2024-05-17","Completed","12750"
"O0657","C083","2024-05-17","Completed","10800"
"O0658","C053","2024-05-17","Completed","13300"
"O0659","C005","2024-05-18","Completed","5700"
"O0660","C105","2024-05-18","Completed","45000"
"O0661","C070","2024-05-18","Completed","700"
"O0662","C005","2024-05-18","Completed","19800"
"O0663","C017","2024-05-18","Completed","5600"
"O0664","C094","2024-05-19","Completed","18000"
"O0665","C009","2024-05-19","Completed","2200"
"O0666","C092","2024-05-19","Completed","12000"
"O0667","C001","2024-05-19","Completed","22000"
"O0668","C019","2024-05-20","Completed","6650"
"O0669","C050","2024-05-20","Completed","5600"
"O0670","C056","2024-05-20","Completed","2160"
"O0671","C009","2024-05-20","Completed","3500"
"O0672","C008","2024-05-20","Completed","12000"
"O0673","C089","2024-05-21","Completed","3150"
"O0674","C001","2024-05-21","Completed","1520"
"O0675","C068","2024-05-21","Completed","22000"
"O0676","C002","2024-05-21","Completed","14000"
"O0677","C019","2024-05-21","Completed","2660"
"O0678","C022","2024-05-22","Completed","38250"
"O0679","C108","2024-05-22","Completed","2380"
"O0680","C011","2024-05-22","Completed","1710"
"O0681","C003","2024-05-22","Completed","3325"
"O0682","C026","2024-05-22","Completed","5400"
"O0683","C056","2024-05-23","Completed","12000"
"O0684","C109","2024-05-23","Completed","3240"
"O0685","C025","2024-05-23","Completed","12000"
"O0686","C027","2024-05-23","Completed","11400"
"O0687","C032","2024-05-23","Completed","3150"
"O0688","C108","2024-05-24","Completed","5500"
"O0689","C106","2024-05-24","Completed","12000"
"O0690","C039","2024-05-24","Completed","18700"
"O0691","C086","2024-05-24","Completed","12600"
"O0692","C056","2024-05-24","Completed","5400"
"O0693","C017","2024-05-25","Completed","2520"
"O0694","C045","2024-05-25","Completed","1020"
"O0695","C111","2024-05-25","Completed","19800"
"O0696","C117","2024-05-25","Completed","12000"
"O0697","C114","2024-05-26","Completed","11900"
"O0698","C032","2024-05-26","Completed","680"
"O0699","C027","2024-05-26","Completed","11000"
"O0700","C024","2024-05-26","Completed","12600"
"O0701","C112","2024-05-26","Completed","11900"
"O0702","C104","2024-05-27","Completed","600"
"O0703","C007","2024-05-27","Completed","2660"
"O0704","C065","2024-05-27","Completed","1530"
"O0705","C081","2024-05-27","Completed","42750"
"O0706","C025","2024-05-27","Completed","6650"
"O0707","C003","2024-05-28","Completed","5700"
"O0708","C038","2024-05-28","Completed","5950"
"O0709","C065","2024-05-28","Completed","40500"
"O0710","C068","2024-05-28","Completed","4760"
"O0711","C015","2024-05-28","Completed","5040"
"O0712","C016","2024-05-29","Completed","42750"
"O0713","C051","2024-05-29","Completed","42750"
"O0714","C066","2024-05-29","Completed","1710"
"O0715","C102","2024-05-29","Completed","9350"
"O0716","C005","2024-05-29","Completed","5950"
"O0717","C007","2024-05-30","Completed","13300"
"O0718","C086","2024-05-30","Completed","10200"
"O0719","C049","2024-05-30","Completed","1530"
"O0720","C023","2024-05-30","Completed","765"
"O0721","C083","2024-05-30","Completed","14250"
"O0722","C008","2024-05-31","Completed","10800"
"O0723","C096","2024-05-31","Completed","12000"
"O0724","C120","2024-05-31","Completed","7000"
"O0725","C041","2024-05-31","Completed","13500"
"O0726","C050","2024-06-01","Completed","765"
"O0727","C041","2024-06-01","Completed","11400"
"O0728","C052","2024-06-01","Completed","14250"
"O0729","C024","2024-06-01","Completed","11900"
"O0730","C078","2024-06-01","Completed","17100"
"O0731","C047","2024-06-02","Completed","19800"
"O0732","C062","2024-06-02","Completed","11000"
"O0733","C081","2024-06-02","Completed","13500"
"O0734","C013","2024-06-02","Completed","2040"
"O0735","C096","2024-06-02","Completed","2975"
"O0736","C074","2024-06-03","Completed","3060"
"O0737","C059","2024-06-03","Completed","45000"
"O0738","C027","2024-06-03","Completed","2800"
"O0739","C065","2024-06-03","Completed","3325"
"O0740","C013","2024-06-03","Completed","18000"
"O0741","C118","2024-06-04","Completed","18700"
"O0742","C010","2024-06-04","Completed","5500"
"O0743","C102","2024-06-04","Completed","3500"
"O0744","C045","2024-06-04","Completed","38250"
"O0745","C021","2024-06-04","Completed","17100"
"O0746","C072","2024-06-05","Completed","18000"
"O0747","C028","2024-06-05","Completed","713"
"O0748","C099","2024-06-05","Completed","12000"
"O0749","C052","2024-06-05","Completed","18000"
"O0750","C031","2024-06-05","Completed","10200"
"O0751","C115","2024-06-06","Completed","4760"
"O0752","C008","2024-06-06","Completed","20900"
"O0753","C040","2024-06-06","Completed","1520"
"O0754","C028","2024-06-06","Completed","950"
"O0755","C030","2024-06-06","Completed","2380"
"O0756","C017","2024-06-07","Completed","11000"
"O0757","C033","2024-06-07","Completed","1330"
"O0758","C077","2024-06-07","Completed","3500"
"O0759","C026","2024-06-07","Completed","45000"
"O0760","C031","2024-06-07","Completed","13300"
"O0761","C009","2024-06-08","Completed","2975"
"O0762","C052","2024-06-08","Completed","3240"
"O0763","C040","2024-06-08","Completed","40500"
"O0764","C001","2024-06-08","Completed","18700"
"O0765","C051","2024-06-08","Completed","6650"
"O0766","C030","2024-06-09","Completed","510"
"O0767","C052","2024-06-09","Completed","1520"
"O0768","C073","2024-06-09","Completed","1140"
"O0769","C051","2024-06-09","Completed","13300"
"O0770","C048","2024-06-09","Completed","3500"
"O0771","C111","2024-06-10","Completed","20900"
"O0772","C109","2024-06-10","Completed","6000"
"O0773","C043","2024-06-10","Completed","935"
"O0774","C004","2024-06-10","Completed","16200"
"O0775","C022","2024-06-11","Completed","10800"
"O0776","C008","2024-06-11","Completed","13300"
"O0777","C003","2024-06-11","Completed","18000"
"O0778","C044","2024-06-11","Completed","998"
"O0779","C081","2024-06-11","Completed","22000"
"O0780","C025","2024-06-12","Completed","10200"
"O0781","C040","2024-06-12","Completed","40500"
"O0782","C037","2024-06-12","Completed","12750"
"O0783","C023","2024-06-12","Completed","1800"
"O0784","C017","2024-06-12","Completed","15000"
"O0785","C007","2024-06-13","Completed","13300"
"O0786","C068","2024-06-13","Completed","3150"
"O0787","C107","2024-06-13","Completed","20900"
"O0788","C030","2024-06-13","Completed","11400"
"O0789","C062","2024-06-13","Completed","45000"
"O0790","C022","2024-06-14","Completed","2520"
"O0791","C028","2024-06-14","Completed","1800"
"O0792","C008","2024-06-14","Completed","12600"
"O0793","C057","2024-06-14","Completed","3325"
"O0794","C005","2024-06-14","Completed","5225"
"O0795","C054","2024-06-15","Completed","13300"
"O0796","C087","2024-06-15","Completed","18000"
"O0797","C010","2024-06-15","Completed","13500"
"O0798","C024","2024-06-15","Completed","5040"
"O0799","C082","2024-06-15","Completed","1050"
"O0800","C046","2024-06-16","Completed","13300"
"O0801","C016","2024-06-16","Completed","2800"
"O0802","C001","2024-06-16","Completed","3325"
"O0803","C092","2024-06-16","Completed","45000"
"O0804","C007","2024-06-16","Completed","22000"
"O0805","C043","2024-06-17","Completed","2520"
"O0806","C045","2024-06-17","Completed","2520"
"O0807","C015","2024-06-17","Completed","10800"
"O0808","C012","2024-06-17","Completed","40500"
"O0809","C035","2024-06-17","Completed","1080"
"O0810","C009","2024-06-18","Completed","13300"
"O0811","C043","2024-06-18","Completed","475"
"O0812","C113","2024-06-18","Completed","12000"
"O0813","C113","2024-06-18","Completed","1200"
"O0814","C110","2024-06-18","Completed","1620"
"O0815","C019","2024-06-19","Completed","5225"
"O0816","C010","2024-06-19","Completed","42750"
"O0817","C024","2024-06-19","Completed","300"
"O0818","C096","2024-06-19","Completed","2520"
"O0819","C003","2024-06-19","Completed","2090"
"O0820","C120","2024-06-20","Completed","18700"
"O0821","C120","2024-06-20","Completed","7000"
"O0822","C011","2024-06-20","Completed","6650"
"O0823","C067","2024-06-20","Completed","2280"
"O0824","C088","2024-06-21","Completed","20900"
"O0825","C060","2024-06-21","Completed","5600"
"O0826","C016","2024-06-21","Completed","6000"
"O0827","C007","2024-06-21","Completed","3200"
"O0828","C020","2024-06-21","Completed","550"
"O0829","C059","2024-06-22","Completed","2520"
"O0830","C077","2024-06-22","Completed","5950"
"O0831","C087","2024-06-22","Completed","3500"
"O0832","C008","2024-06-22","Completed","45000"
"O0833","C003","2024-06-22","Completed","3500"
"O0834","C034","2024-06-23","Completed","45000"
"O0835","C044","2024-06-23","Completed","17100"
"O0836","C084","2024-06-23","Completed","7000"
"O0837","C105","2024-06-23","Completed","3500"
"O0838","C065","2024-06-23","Completed","10800"
"O0839","C016","2024-06-24","Completed","9900"
"O0840","C021","2024-06-24","Completed","5950"
"O0841","C015","2024-06-24","Completed","800"
"O0842","C040","2024-06-24","Completed","15000"
"O0843","C019","2024-06-24","Completed","40500"
"O0844","C074","2024-06-25","Completed","11400"
"O0845","C018","2024-06-25","Completed","40500"
"O0846","C087","2024-06-25","Completed","3500"
"O0847","C081","2024-06-25","Completed","10800"
"O0848","C007","2024-06-25","Completed","45000"
"O0849","C006","2024-06-26","Completed","15000"
"O0850","C100","2024-06-26","Completed","12000"
"O0851","C024","2024-06-26","Completed","6000"
"O0852","C014","2024-06-26","Completed","10200"
"O0853","C004","2024-06-26","Completed","10800"
"O0854","C074","2024-06-27","Completed","16200"
"O0855","C023","2024-06-27","Completed","14250"
"O0856","C095","2024-06-27","Completed","2660"
"O0857","C021","2024-06-27","Completed","18000"
"O0858","C007","2024-06-27","Completed","9900"
"O0859","C031","2024-06-28","Completed","5600"
"O0860","C034","2024-06-28","Completed","3420"
"O0861","C019","2024-06-28","Completed","1200"
"O0862","C039","2024-06-28","Completed","17100"
"O0863","C053","2024-06-28","Completed","2720"
"O0864","C086","2024-06-29","Completed","38250"
"O0865","C089","2024-06-29","Completed","15300"
"O0866","C028","2024-06-29","Completed","20900"
"O0867","C054","2024-06-29","Completed","12600"
"O0868","C038","2024-06-29","Completed","5500"
"O0869","C009","2024-06-30","Completed","2975"
"O0870","C006","2024-06-30","Completed","285"
"O0871","C040","2024-06-30","Completed","850"
"O0872","C017","2024-06-30","Completed","16200"
"O0873","C069","2024-07-01","Completed","1200"
"O0874","C021","2024-07-01","Completed","22000"
"O0875","C012","2024-07-01","Completed","3200"
"O0876","C038","2024-07-01","Completed","6650"
"O0877","C015","2024-07-01","Completed","1620"
"O0878","C089","2024-07-01","Completed","18000"
"O0879","C030","2024-07-02","Completed","5040"
"O0880","C027","2024-07-02","Completed","12600"
"O0881","C047","2024-07-02","Completed","2800"
"O0882","C080","2024-07-02","Completed","16200"
"O0883","C025","2024-07-02","Completed","13300"
"O0884","C059","2024-07-03","Completed","2880"
"O0885","C037","2024-07-03","Completed","12750"
"O0886","C083","2024-07-03","Completed","15300"
"O0887","C072","2024-07-03","Completed","15300"
"O0888","C022","2024-07-03","Completed","45000"
"O0889","C088","2024-07-04","Completed","10800"
"O0890","C109","2024-07-04","Completed","14000"
"O0891","C081","2024-07-04","Completed","15000"
"O0892","C087","2024-07-04","Completed","13300"
"O0893","C089","2024-07-04","Completed","495"
"O0894","C025","2024-07-05","Completed","11400"
"O0895","C021","2024-07-05","Completed","3240"
"O0896","C118","2024-07-05","Completed","12000"
"O0897","C014","2024-07-05","Completed","10800"
"O0898","C046","2024-07-05","Completed","18700"
"O0899","C075","2024-07-06","Completed","760"
"O0900","C014","2024-07-06","Completed","40500"
"O0901","C023","2024-07-06","Completed","22000"
"O0902","C109","2024-07-06","Completed","11400"
"O0903","C092","2024-07-06","Completed","12750"
"O0904","C089","2024-07-07","Completed","5600"
"O0905","C012","2024-07-07","Completed","12600"
"O0906","C038","2024-07-07","Completed","7000"
"O0907","C073","2024-07-07","Completed","19800"
"O0908","C022","2024-07-07","Completed","12600"
"O0909","C057","2024-07-08","Completed","6000"
"O0910","C096","2024-07-08","Completed","15000"
"O0911","C061","2024-07-08","Completed","2800"
"O0912","C020","2024-07-08","Completed","14000"
"O0913","C012","2024-07-08","Completed","600"
"O0914","C004","2024-07-09","Completed","45000"
"O0915","C105","2024-07-09","Completed","15300"
"O0916","C072","2024-07-09","Completed","7000"
"O0917","C037","2024-07-09","Completed","1000"
"O0918","C059","2024-07-09","Completed","5225"
"O0919","C002","2024-07-10","Completed","40500"
"O0920","C002","2024-07-10","Completed","11400"
"O0921","C031","2024-07-10","Completed","11400"
"O0922","C103","2024-07-10","Completed","3150"
"O0923","C104","2024-07-10","Completed","5950"
"O0924","C053","2024-07-11","Completed","6300"
"O0925","C074","2024-07-11","Completed","15000"
"O0926","C064","2024-07-11","Completed","2520"
"O0927","C015","2024-07-11","Completed","1530"
"O0928","C070","2024-07-11","Completed","250"
"O0929","C006","2024-07-12","Completed","675"
"O0930","C059","2024-07-12","Completed","765"
"O0931","C086","2024-07-12","Completed","3500"
"O0932","C075","2024-07-12","Completed","22000"
"O0933","C079","2024-07-12","Completed","12600"
"O0934","C018","2024-07-13","Completed","18000"
"O0935","C043","2024-07-13","Completed","600"
"O0936","C102","2024-07-13","Completed","14000"
"O0937","C120","2024-07-13","Completed","500"
"O0938","C010","2024-07-13","Completed","6650"
"O0939","C008","2024-07-14","Completed","540"
"O0940","C094","2024-07-14","Completed","18000"
"O0941","C003","2024-07-14","Completed","45000"
"O0942","C118","2024-07-14","Completed","2090"
"O0943","C103","2024-07-14","Completed","540"
"O0944","C029","2024-07-15","Completed","2880"
"O0945","C004","2024-07-15","Completed","2400"
"O0946","C119","2024-07-15","Completed","17100"
"O0947","C004","2024-07-15","Completed","540"
"O0948","C008","2024-07-15","Completed","3500"
"O0949","C069","2024-07-16","Completed","15300"
"O0950","C067","2024-07-16","Completed","4675"
"O0951","C017","2024-07-16","Completed","22000"
"O0952","C088","2024-07-16","Completed","675"
"O0953","C028","2024-07-16","Completed","935"
"O0954","C023","2024-07-16","Completed","475"
"O0955","C079","2024-07-17","Completed","45000"
"O0956","C012","2024-07-17","Completed","22000"
"O0957","C101","2024-07-17","Completed","1800"
"O0958","C002","2024-07-17","Completed","5225"
"O0959","C019","2024-07-17","Completed","22000"
"O0960","C048","2024-07-18","Completed","5600"
"O0961","C024","2024-07-18","Completed","12000"
"O0962","C028","2024-07-18","Completed","42750"
"O0963","C012","2024-07-18","Completed","15000"
"O0964","C002","2024-07-18","Completed","12600"
"O0965","C035","2024-07-19","Completed","600"
"O0966","C030","2024-07-19","Completed","7000"
"O0967","C006","2024-07-19","Completed","20900"
"O0968","C024","2024-07-19","Completed","810"
"O0969","C014","2024-07-19","Completed","18000"
"O0970","C046","2024-07-20","Completed","17100"
"O0971","C003","2024-07-20","Completed","1530"
"O0972","C087","2024-07-20","Completed","10800"
"O0973","C009","2024-07-20","Completed","5225"
"O0974","C015","2024-07-20","Completed","45000"
"O0975","C005","2024-07-21","Completed","12600"
"O0976","C105","2024-07-21","Completed","998"
"O0977","C105","2024-07-21","Completed","1800"
"O0978","C062","2024-07-21","Completed","1710"
"O0979","C003","2024-07-21","Completed","14250"
"O0980","C074","2024-07-22","Completed","2975"
"O0981","C120","2024-07-22","Completed","2800"
"O0982","C032","2024-07-22","Completed","18000"
"O0983","C042","2024-07-22","Completed","15300"
"O0984","C037","2024-07-22","Completed","3600"
"O0985","C111","2024-07-23","Completed","45000"
"O0986","C085","2024-07-23","Completed","14000"
"O0987","C103","2024-07-23","Completed","1710"
"O0988","C104","2024-07-23","Completed","2040"
"O0989","C004","2024-07-23","Completed","42750"
"O0990","C061","2024-07-24","Completed","2800"
"O0991","C081","2024-07-24","Completed","2660"
"O0992","C065","2024-07-24","Completed","11000"
"O0993","C094","2024-07-24","Completed","14000"
"O0994","C074","2024-07-24","Completed","540"
"O0995","C103","2024-07-25","Completed","7000"
"O0996","C045","2024-07-25","Completed","10800"
"O0997","C002","2024-07-25","Completed","2520"
"O0998","C103","2024-07-25","Completed","11900"
"O0999","C019","2024-07-25","Completed","6650"
"O1000","C026","2024-07-26","Completed","5225"
"O1001","C001","2024-07-26","Completed","4760"
"O1002","C004","2024-07-26","Completed","5225"
"O1003","C018","2024-07-26","Completed","5320"
"O1004","C028","2024-07-26","Completed","40500"
"O1005","C100","2024-07-27","Completed","10450"
"O1006","C089","2024-07-27","Completed","14000"
"O1007","C050","2024-07-27","Completed","2800"
"O1008","C084","2024-07-27","Completed","10800"
"O1009","C052","2024-07-27","Completed","15000"
"O1010","C115","2024-07-28","Completed","40500"
"O1011","C018","2024-07-28","Completed","4675"
"O1012","C113","2024-07-28","Completed","1800"
"O1013","C010","2024-07-28","Completed","45000"
"O1014","C047","2024-07-28","Completed","1020"
"O1015","C117","2024-07-29","Completed","10450"
"O1016","C030","2024-07-29","Completed","900"
"O1017","C007","2024-07-29","Completed","5700"
"O1018","C114","2024-07-29","Completed","6300"
"O1019","C024","2024-07-29","Completed","6000"
"O1020","C094","2024-07-30","Completed","40500"
"O1021","C022","2024-07-30","Completed","17100"
"O1022","C001","2024-07-30","Completed","10800"
"O1023","C093","2024-07-30","Completed","15000"
"O1024","C041","2024-07-30","Completed","3325"
"O1025","C016","2024-07-31","Completed","20900"
"O1026","C115","2024-07-31","Completed","12600"
"O1027","C082","2024-07-31","Completed","285"
"O1028","C095","2024-07-31","Completed","2660"
"O1029","C025","2024-07-31","Completed","7000"
"O1030","C017","2024-08-01","Completed","13300"
"O1031","C014","2024-08-01","Completed","12000"
"O1032","C010","2024-08-01","Completed","17100"
"O1033","C098","2024-08-01","Completed","5500"
"O1034","C020","2024-08-01","Completed","15300"
"O1035","C106","2024-08-01","Completed","22000"
"O1036","C011","2024-08-02","Completed","12600"
"O1037","C025","2024-08-02","Completed","10200"
"O1038","C012","2024-08-02","Completed","19800"
"O1039","C002","2024-08-02","Completed","15000"
"O1040","C007","2024-08-02","Completed","5320"
"O1041","C030","2024-08-03","Completed","15000"
"O1042","C072","2024-08-03","Completed","6300"
"O1043","C043","2024-08-03","Completed","5950"
"O1044","C057","2024-08-03","Completed","14000"
"O1045","C074","2024-08-03","Completed","2380"
"O1046","C042","2024-08-04","Completed","12600"
"O1047","C101","2024-08-04","Completed","3500"
"O1048","C012","2024-08-04","Completed","255"
"O1049","C003","2024-08-04","Completed","570"
"O1050","C110","2024-08-04","Completed","1400"
"O1051","C010","2024-08-05","Completed","475"
"O1052","C017","2024-08-05","Completed","14000"
"O1053","C001","2024-08-05","Completed","6300"
"O1054","C006","2024-08-05","Completed","14000"
"O1055","C114","2024-08-05","Completed","45000"
"O1056","C049","2024-08-06","Completed","11900"
"O1057","C017","2024-08-06","Completed","22000"
"O1058","C115","2024-08-06","Completed","1530"
"O1059","C061","2024-08-06","Completed","20900"
"O1060","C090","2024-08-06","Completed","3600"
"O1061","C110","2024-08-07","Completed","11400"
"O1062","C019","2024-08-07","Completed","2400"
"O1063","C014","2024-08-07","Completed","998"
"O1064","C017","2024-08-07","Completed","19800"
"O1065","C054","2024-08-07","Completed","16200"
"O1066","C001","2024-08-08","Completed","16200"
"O1067","C036","2024-08-08","Completed","990"
"O1068","C005","2024-08-08","Completed","2800"
"O1069","C058","2024-08-08","Completed","5320"
"O1070","C057","2024-08-08","Completed","7000"
"O1071","C056","2024-08-09","Completed","5600"
"O1072","C076","2024-08-09","Completed","45000"
"O1073","C023","2024-08-09","Completed","2800"
"O1074","C029","2024-08-09","Completed","3500"
"O1075","C008","2024-08-09","Completed","990"
"O1076","C120","2024-08-10","Completed","2160"
"O1077","C054","2024-08-10","Completed","2660"
"O1078","C025","2024-08-10","Completed","20900"
"O1079","C012","2024-08-10","Completed","1870"
"O1080","C025","2024-08-10","Completed","2520"
"O1081","C026","2024-08-11","Completed","16200"
"O1082","C051","2024-08-11","Completed","2720"
"O1083","C009","2024-08-11","Completed","11900"
"O1084","C105","2024-08-11","Completed","550"
"O1085","C011","2024-08-11","Completed","10800"
"O1086","C115","2024-08-12","Completed","12000"
"O1087","C019","2024-08-12","Completed","18000"
"O1088","C064","2024-08-12","Completed","1080"
"O1089","C058","2024-08-12","Completed","6650"
"O1090","C096","2024-08-12","Completed","14250"
"O1091","C024","2024-08-13","Completed","1100"
"O1092","C077","2024-08-13","Completed","3150"
"O1093","C080","2024-08-13","Completed","22000"
"O1094","C093","2024-08-13","Completed","18000"
"O1095","C074","2024-08-13","Completed","13500"
"O1096","C004","2024-08-14","Completed","5600"
"O1097","C111","2024-08-14","Completed","12600"
"O1098","C026","2024-08-14","Completed","11400"
"O1099","C099","2024-08-14","Completed","7000"
"O1100","C022","2024-08-14","Completed","15000"
"O1101","C035","2024-08-15","Completed","4675"
"O1102","C023","2024-08-15","Completed","1710"
"O1103","C022","2024-08-15","Completed","15000"
"O1104","C056","2024-08-15","Completed","11000"
"O1105","C023","2024-08-15","Completed","1620"
"O1106","C017","2024-08-16","Completed","22000"
"O1107","C014","2024-08-16","Completed","7000"
"O1108","C110","2024-08-16","Completed","4675"
"O1109","C022","2024-08-16","Completed","12600"
"O1110","C037","2024-08-16","Completed","10450"
"O1111","C057","2024-08-17","Completed","1140"
"O1112","C009","2024-08-17","Completed","5500"
"O1113","C093","2024-08-17","Completed","17100"
"O1114","C021","2024-08-17","Completed","42750"
"O1115","C107","2024-08-17","Completed","11000"
"O1116","C069","2024-08-18","Completed","14000"
"O1117","C056","2024-08-18","Completed","2400"
"O1118","C053","2024-08-18","Completed","11400"
"O1119","C012","2024-08-18","Completed","15000"
"O1120","C084","2024-08-18","Completed","3060"
"O1121","C097","2024-08-19","Completed","13300"
"O1122","C069","2024-08-19","Completed","7000"
"O1123","C009","2024-08-19","Completed","15000"
"O1124","C023","2024-08-19","Completed","45000"
"O1125","C008","2024-08-19","Completed","9900"
"O1126","C048","2024-08-20","Completed","800"
"O1127","C058","2024-08-20","Completed","2800"
"O1128","C030","2024-08-20","Completed","2975"
"O1129","C052","2024-08-20","Completed","3600"
"O1130","C022","2024-08-20","Completed","11000"
"O1131","C074","2024-08-21","Completed","22000"
"O1132","C104","2024-08-21","Completed","10800"
"O1133","C093","2024-08-21","Completed","570"
"O1134","C044","2024-08-21","Completed","1530"
"O1135","C020","2024-08-21","Completed","22000"
"O1136","C006","2024-08-22","Completed","630"
"O1137","C030","2024-08-22","Completed","12600"
"O1138","C014","2024-08-22","Completed","12000"
"O1139","C051","2024-08-22","Completed","14250"
"O1140","C050","2024-08-22","Completed","9350"
"O1141","C019","2024-08-23","Completed","14000"
"O1142","C079","2024-08-23","Completed","6650"
"O1143","C057","2024-08-23","Completed","1710"
"O1144","C064","2024-08-23","Completed","7000"
"O1145","C105","2024-08-23","Completed","11000"
"O1146","C104","2024-08-24","Completed","14000"
"O1147","C013","2024-08-24","Completed","1200"
"O1148","C053","2024-08-24","Completed","13300"
"O1149","C067","2024-08-24","Completed","1140"
"O1150","C070","2024-08-24","Completed","40500"
"O1151","C021","2024-08-25","Completed","12000"
"O1152","C055","2024-08-25","Completed","14000"
"O1153","C036","2024-08-25","Completed","2400"
"O1154","C100","2024-08-25","Completed","2975"
"O1155","C010","2024-08-25","Completed","6300"
"O1156","C066","2024-08-26","Completed","500"
"O1157","C011","2024-08-26","Completed","3500"
"O1158","C003","2024-08-26","Completed","1568"
"O1159","C026","2024-08-26","Completed","2200"
"O1160","C012","2024-08-26","Completed","45000"
"O1161","C039","2024-08-27","Completed","5600"
"O1162","C113","2024-08-27","Completed","11900"
"O1163","C022","2024-08-27","Completed","600"
"O1164","C015","2024-08-27","Completed","22000"
"O1165","C024","2024-08-27","Completed","9900"
"O1166","C013","2024-08-28","Completed","15000"
"O1167","C042","2024-08-28","Completed","10800"
"O1168","C035","2024-08-28","Completed","15000"
"O1169","C059","2024-08-28","Completed","5700"
"O1170","C014","2024-08-28","Completed","42750"
"O1171","C043","2024-08-29","Completed","350"
"O1172","C018","2024-08-29","Completed","12600"
"O1173","C096","2024-08-29","Completed","2520"
"O1174","C043","2024-08-29","Completed","10200"
"O1175","C041","2024-08-29","Completed","6300"
"O1176","C102","2024-08-30","Completed","1530"
"O1177","C047","2024-08-30","Completed","2520"
"O1178","C048","2024-08-30","Completed","3325"
"O1179","C115","2024-08-30","Completed","14000"
"O1180","C032","2024-08-30","Completed","18700"
"O1181","C057","2024-08-31","Completed","750"
"O1182","C042","2024-08-31","Completed","1800"
"O1183","C101","2024-08-31","Completed","11000"
"O1184","C032","2024-08-31","Completed","22000"
"O1185","C003","2024-08-31","Completed","600"
"O1186","C068","2024-09-01","Completed","1020"
"O1187","C016","2024-09-01","Completed","18000"
"O1188","C019","2024-09-01","Completed","12000"
"O1189","C042","2024-09-01","Completed","1200"
"O1190","C039","2024-09-01","Completed","250"
"O1191","C105","2024-09-02","Completed","6300"
"O1192","C053","2024-09-02","Completed","11400"
"O1193","C009","2024-09-02","Completed","1800"
"O1194","C065","2024-09-02","Completed","3500"
"O1195","C059","2024-09-02","Completed","45000"
"O1196","C104","2024-09-03","Completed","4950"
"O1197","C100","2024-09-03","Completed","16200"
"O1198","C076","2024-09-03","Completed","5225"
"O1199","C085","2024-09-03","Completed","1620"
"O1200","C108","2024-09-03","Completed","2660"
"O1201","C035","2024-09-04","Completed","12000"
"O1202","C059","2024-09-04","Completed","1440"
"O1203","C003","2024-09-04","Completed","20900"
"O1204","C056","2024-09-04","Completed","2800"
"O1205","C022","2024-09-05","Completed","12750"
"O1206","C008","2024-09-05","Completed","2160"
"O1207","C020","2024-09-05","Completed","10200"
"O1208","C021","2024-09-05","Completed","810"
"O1209","C112","2024-09-05","Completed","45000"
"O1210","C118","2024-09-06","Completed","5040"
"O1211","C070","2024-09-06","Completed","14250"
"O1212","C074","2024-09-06","Completed","18000"
"O1213","C111","2024-09-06","Completed","6650"
"O1214","C078","2024-09-06","Completed","315"
"O1215","C004","2024-09-07","Completed","15000"
"O1216","C076","2024-09-07","Completed","22000"
"O1217","C029","2024-09-07","Completed","5400"
"O1218","C068","2024-09-07","Completed","5700"
"O1219","C070","2024-09-07","Completed","18000"
"O1220","C057","2024-09-08","Completed","14250"
"O1221","C037","2024-09-08","Completed","19800"
"O1222","C024","2024-09-08","Completed","900"
"O1223","C041","2024-09-08","Completed","2280"
"O1224","C089","2024-09-09","Completed","12000"
"O1225","C017","2024-09-09","Completed","17100"
"O1226","C068","2024-09-09","Completed","18000"
"O1227","C094","2024-09-09","Completed","45000"
"O1228","C071","2024-09-09","Completed","4675"
"O1229","C054","2024-09-10","Completed","17100"
"O1230","C100","2024-09-10","Completed","11400"
"O1231","C041","2024-09-10","Completed","550"
"O1232","C009","2024-09-10","Completed","12000"
"O1233","C047","2024-09-10","Completed","10200"
"O1234","C078","2024-09-11","Completed","22000"
"O1235","C106","2024-09-11","Completed","10800"
"O1236","C026","2024-09-11","Completed","6000"
"O1237","C041","2024-09-11","Completed","16200"
"O1238","C001","2024-09-11","Completed","12600"
"O1239","C084","2024-09-12","Completed","9350"
"O1240","C112","2024-09-12","Completed","5500"
"O1241","C025","2024-09-12","Completed","468"
"O1242","C028","2024-09-12","Completed","12000"
"O1243","C014","2024-09-13","Completed","19800"
"O1244","C009","2024-09-13","Completed","13500"
"O1245","C098","2024-09-13","Completed","300"
"O1246","C073","2024-09-13","Completed","42750"
"O1247","C023","2024-09-13","Completed","713"
"O1248","C064","2024-09-14","Completed","14000"
"O1249","C025","2024-09-14","Completed","45000"
"O1250","C079","2024-09-14","Completed","5600"
"O1251","C026","2024-09-14","Completed","22000"
"O1252","C093","2024-09-14","Completed","475"
"O1253","C120","2024-09-15","Completed","18700"
"O1254","C004","2024-09-15","Completed","4760"
"O1255","C016","2024-09-15","Completed","3150"
"O1256","C076","2024-09-15","Completed","38250"
"O1257","C114","2024-09-16","Completed","3200"
"O1258","C029","2024-09-16","Completed","20900"
"O1259","C084","2024-09-16","Completed","5600"
"O1260","C016","2024-09-16","Completed","7000"
"O1261","C081","2024-09-16","Completed","2400"
"O1262","C025","2024-09-17","Completed","1800"
"O1263","C046","2024-09-17","Completed","18000"
"O1264","C027","2024-09-17","Completed","7000"
"O1265","C047","2024-09-17","Completed","1485"
"O1266","C120","2024-09-17","Completed","1650"
"O1267","C043","2024-09-18","Completed","18000"
"O1268","C038","2024-09-18","Completed","14250"
"O1269","C018","2024-09-18","Completed","1800"
"O1270","C018","2024-09-18","Completed","5320"
"O1271","C083","2024-09-18","Completed","10450"
"O1272","C065","2024-09-19","Completed","10200"
"O1273","C013","2024-09-19","Completed","13300"
"O1274","C085","2024-09-19","Completed","2160"
"O1275","C035","2024-09-19","Completed","2800"
"O1276","C035","2024-09-20","Completed","6650"
"O1277","C098","2024-09-20","Completed","45000"
"O1278","C034","2024-09-20","Completed","2660"
"O1279","C017","2024-09-20","Completed","14000"
"O1280","C054","2024-09-20","Completed","2800"
"O1281","C016","2024-09-21","Completed","1620"
"O1282","C003","2024-09-21","Completed","800"
"O1283","C007","2024-09-21","Completed","5500"
"O1284","C011","2024-09-21","Completed","6000"
"O1285","C084","2024-09-21","Completed","5700"
"O1286","C091","2024-09-22","Completed","5100"
"O1287","C004","2024-09-22","Completed","18000"
"O1288","C112","2024-09-22","Completed","18000"
"O1289","C110","2024-09-22","Completed","4950"
"O1290","C018","2024-09-22","Completed","11400"
"O1291","C098","2024-09-23","Completed","510"
"O1292","C112","2024-09-23","Completed","19800"
"O1293","C089","2024-09-23","Completed","45000"
"O1294","C017","2024-09-23","Completed","2520"
"O1295","C106","2024-09-24","Completed","9900"
"O1296","C012","2024-09-24","Completed","5040"
"O1297","C078","2024-09-24","Completed","15000"
"O1298","C019","2024-09-24","Completed","945"
"O1299","C016","2024-09-24","Completed","20900"
"O1300","C039","2024-09-25","Completed","15000"
"O1301","C091","2024-09-25","Completed","12000"
"O1302","C100","2024-09-25","Completed","6300"
"O1303","C117","2024-09-25","Completed","450"
"O1304","C027","2024-09-25","Completed","760"
"O1305","C027","2024-09-26","Completed","5700"
"O1306","C041","2024-09-26","Completed","4950"
"O1307","C025","2024-09-26","Completed","1620"
"O1308","C110","2024-09-26","Completed","13300"
"O1309","C115","2024-09-26","Completed","12750"
"O1310","C013","2024-09-27","Completed","15000"
"O1311","C003","2024-09-27","Completed","600"
"O1312","C015","2024-09-27","Completed","40500"
"O1313","C024","2024-09-27","Completed","2160"
"O1314","C095","2024-09-28","Completed","14250"
"O1315","C044","2024-09-28","Completed","7000"
"O1316","C048","2024-09-28","Completed","1200"
"O1317","C059","2024-09-28","Completed","11400"
"O1318","C004","2024-09-28","Completed","950"
"O1319","C058","2024-09-29","Completed","1200"
"O1320","C025","2024-09-29","Completed","1485"
"O1321","C022","2024-09-29","Completed","1710"
"O1322","C062","2024-09-29","Completed","11000"
"O1323","C047","2024-09-29","Completed","1080"
"O1324","C061","2024-09-30","Completed","18000"
"O1325","C061","2024-09-30","Completed","12000"
"O1326","C004","2024-09-30","Completed","6000"
"O1327","C017","2024-09-30","Completed","18000"
"O1328","C094","2024-10-01","Completed","11400"
"O1329","C102","2024-10-01","Completed","17100"
"O1330","C092","2024-10-01","Completed","5400"
"O1331","C076","2024-10-01","Completed","18000"
"O1332","C098","2024-10-01","Completed","9900"
"O1333","C119","2024-10-02","Completed","18000"
"O1334","C016","2024-10-02","Completed","18700"
"O1335","C092","2024-10-02","Completed","12750"
"O1336","C117","2024-10-02","Completed","15300"
"O1337","C021","2024-10-02","Completed","2660"
"O1338","C053","2024-10-03","Completed","5225"
"O1339","C083","2024-10-03","Completed","510"
"O1340","C062","2024-10-03","Completed","3150"
"O1341","C020","2024-10-03","Completed","20900"
"O1342","C018","2024-10-03","Completed","2400"
"O1343","C068","2024-10-04","Completed","22000"
"O1344","C115","2024-10-04","Completed","40500"
"O1345","C081","2024-10-04","Completed","13500"
"O1346","C034","2024-10-04","Completed","6300"
"O1347","C057","2024-10-04","Completed","14250"
"O1348","C008","2024-10-05","Completed","45000"
"O1349","C016","2024-10-05","Completed","5500"
"O1350","C097","2024-10-05","Completed","15000"
"O1351","C107","2024-10-05","Completed","6000"
"O1352","C032","2024-10-05","Completed","19800"
"O1353","C117","2024-10-06","Completed","750"
"O1354","C081","2024-10-06","Completed","12000"
"O1355","C050","2024-10-06","Completed","18000"
"O1356","C091","2024-10-06","Completed","4760"
"O1357","C044","2024-10-07","Completed","1100"
"O1358","C022","2024-10-07","Completed","10450"
"O1359","C034","2024-10-07","Completed","12600"
"O1360","C010","2024-10-07","Completed","20900"
"O1361","C005","2024-10-07","Completed","15000"
"O1362","C076","2024-10-08","Completed","14000"
"O1363","C097","2024-10-08","Completed","12000"
"O1364","C054","2024-10-08","Completed","38250"
"O1365","C086","2024-10-08","Completed","5700"
"O1366","C004","2024-10-08","Completed","5500"
"O1367","C100","2024-10-09","Completed","10450"
"O1368","C080","2024-10-09","Completed","270"
"O1369","C026","2024-10-09","Completed","7000"
"O1370","C037","2024-10-09","Completed","18000"
"O1371","C011","2024-10-09","Completed","2520"
"O1372","C021","2024-10-10","Completed","2280"
"O1373","C025","2024-10-10","Completed","675"
"O1374","C041","2024-10-10","Completed","18000"
"O1375","C007","2024-10-10","Completed","425"
"O1376","C119","2024-10-10","Completed","4675"
"O1377","C006","2024-10-11","Completed","945"
"O1378","C047","2024-10-11","Completed","945"
"O1379","C017","2024-10-11","Completed","1800"
"O1380","C062","2024-10-11","Completed","5500"
"O1381","C100","2024-10-12","Completed","1485"
"O1382","C046","2024-10-12","Completed","12000"
"O1383","C080","2024-10-12","Completed","42750"
"O1384","C093","2024-10-12","Completed","14000"
"O1385","C056","2024-10-12","Completed","2800"
"O1386","C057","2024-10-13","Completed","998"
"O1387","C043","2024-10-13","Completed","42750"
"O1388","C056","2024-10-13","Completed","14000"
"O1389","C013","2024-10-13","Completed","3500"
"O1390","C021","2024-10-13","Completed","540"
"O1391","C021","2024-10-14","Completed","10800"
"O1392","C020","2024-10-14","Completed","12000"
"O1393","C011","2024-10-14","Completed","40500"
"O1394","C012","2024-10-14","Completed","350"
"O1395","C026","2024-10-14","Completed","11900"
"O1396","C025","2024-10-15","Completed","6000"
"O1397","C095","2024-10-15","Completed","3150"
"O1398","C067","2024-10-15","Completed","45000"
"O1399","C001","2024-10-15","Completed","5600"
"O1400","C091","2024-10-15","Completed","1000"
"O1401","C004","2024-10-16","Completed","10200"
"O1402","C010","2024-10-16","Completed","4760"
"O1403","C020","2024-10-16","Completed","1000"
"O1404","C018","2024-10-16","Completed","17100"
"O1405","C090","2024-10-17","Completed","12000"
"O1406","C084","2024-10-17","Completed","7000"
"O1407","C017","2024-10-17","Completed","42750"
"O1408","C051","2024-10-17","Completed","13300"
"O1409","C077","2024-10-17","Completed","11900"
"O1410","C018","2024-10-18","Completed","1080"
"O1411","C073","2024-10-18","Completed","19800"
"O1412","C059","2024-10-18","Completed","20900"
"O1413","C073","2024-10-18","Completed","2520"
"O1414","C106","2024-10-18","Completed","7000"
"O1415","C008","2024-10-19","Completed","9350"
"O1416","C051","2024-10-19","Completed","40500"
"O1417","C028","2024-10-19","Completed","12600"
"O1418","C020","2024-10-19","Completed","15000"
"O1419","C029","2024-10-19","Completed","38250"
"O1420","C066","2024-10-20","Completed","5400"
"O1421","C108","2024-10-20","Completed","6650"
"O1422","C119","2024-10-20","Completed","11400"
"O1423","C003","2024-10-20","Completed","12000"
"O1424","C101","2024-10-20","Completed","12750"
"O1425","C105","2024-10-21","Completed","7000"
"O1426","C101","2024-10-21","Completed","11400"
"O1427","C059","2024-10-21","Completed","1710"
"O1428","C005","2024-10-21","Completed","42750"
"O1429","C106","2024-10-22","Completed","6650"
"O1430","C010","2024-10-22","Completed","5040"
"O1431","C092","2024-10-22","Completed","10200"
"O1432","C087","2024-10-22","Completed","5600"
"O1433","C086","2024-10-22","Completed","45000"
"O1434","C016","2024-10-23","Completed","13300"
"O1435","C115","2024-10-23","Completed","15000"
"O1436","C066","2024-10-23","Completed","20900"
"O1437","C035","2024-10-23","Completed","500"
"O1438","C112","2024-10-23","Completed","3150"
"O1439","C016","2024-10-24","Completed","18000"
"O1440","C001","2024-10-24","Completed","3500"
"O1441","C066","2024-10-24","Completed","1800"
"O1442","C045","2024-10-24","Completed","12000"
"O1443","C103","2024-10-24","Completed","15300"
"O1444","C024","2024-10-25","Completed","10800"
"O1445","C079","2024-10-25","Completed","1710"
"O1446","C003","2024-10-25","Completed","11000"
"O1447","C058","2024-10-25","Completed","10450"
"O1448","C047","2024-10-25","Completed","14000"
"O1449","C021","2024-10-26","Completed","2040"
"O1450","C112","2024-10-26","Completed","18000"
"O1451","C044","2024-10-26","Completed","13500"
"O1452","C001","2024-10-26","Completed","6650"
"O1453","C002","2024-10-27","Completed","13500"
"O1454","C038","2024-10-27","Completed","1600"
"O1455","C020","2024-10-27","Completed","7000"
"O1456","C098","2024-10-27","Completed","45000"
"O1457","C084","2024-10-27","Completed","1800"
"O1458","C014","2024-10-28","Completed","3500"
"O1459","C097","2024-10-28","Completed","40500"
"O1460","C012","2024-10-28","Completed","3500"
"O1461","C106","2024-10-28","Completed","5040"
"O1462","C047","2024-10-28","Completed","15300"
"O1463","C004","2024-10-29","Completed","22000"
"O1464","C058","2024-10-29","Completed","10450"
"O1465","C038","2024-10-29","Completed","1403"
"O1466","C060","2024-10-29","Completed","13300"
"O1467","C076","2024-10-29","Completed","2400"
"O1468","C084","2024-10-30","Completed","18000"
"O1469","C072","2024-10-30","Completed","13500"
"O1470","C059","2024-10-30","Completed","523"
"O1471","C029","2024-10-30","Completed","3600"
"O1472","C015","2024-10-30","Completed","18000"
"O1473","C032","2024-10-31","Completed","10800"
"O1474","C021","2024-10-31","Completed","12600"
"O1475","C084","2024-10-31","Completed","2975"
"O1476","C035","2024-10-31","Completed","3325"
"O1477","C051","2024-11-01","Completed","40500"
"O1478","C066","2024-11-01","Completed","700"
"O1479","C032","2024-11-01","Completed","12000"
"O1480","C048","2024-11-01","Completed","10800"
"O1481","C045","2024-11-01","Completed","2660"
"O1482","C022","2024-11-01","Completed","18000"
"O1483","C020","2024-11-02","Completed","1140"
"O1484","C040","2024-11-02","Completed","1980"
"O1485","C017","2024-11-02","Completed","5400"
"O1486","C052","2024-11-02","Completed","5225"
"O1487","C115","2024-11-02","Completed","10450"
"O1488","C006","2024-11-03","Completed","13500"
"O1489","C106","2024-11-03","Completed","213"
"O1490","C046","2024-11-03","Completed","42750"
"O1491","C028","2024-11-03","Completed","2400"
"O1492","C040","2024-11-03","Completed","12000"
"O1493","C067","2024-11-04","Completed","11400"
"O1494","C002","2024-11-04","Completed","4950"
"O1495","C004","2024-11-04","Completed","7000"
"O1496","C098","2024-11-04","Completed","14000"
"O1497","C115","2024-11-04","Completed","15000"
"O1498","C070","2024-11-04","Completed","6000"
"O1499","C017","2024-11-05","Completed","12000"
"O1500","C005","2024-11-05","Completed","18000"
"O1501","C064","2024-11-05","Completed","18000"
"O1502","C035","2024-11-05","Completed","22000"
"O1503","C010","2024-11-05","Completed","2975"
"O1504","C063","2024-11-06","Completed","990"
"O1505","C046","2024-11-06","Completed","1710"
"O1506","C086","2024-11-06","Completed","3500"
"O1507","C113","2024-11-06","Completed","5700"
"O1508","C095","2024-11-06","Completed","12000"
"O1509","C077","2024-11-07","Completed","17100"
"O1510","C066","2024-11-07","Completed","13300"
"O1511","C080","2024-11-07","Completed","38250"
"O1512","C099","2024-11-07","Completed","6300"
"O1513","C105","2024-11-07","Completed","15000"
"O1514","C110","2024-11-07","Completed","5600"
"O1515","C055","2024-11-08","Completed","3500"
"O1516","C018","2024-11-08","Completed","22000"
"O1517","C020","2024-11-08","Completed","5600"
"O1518","C002","2024-11-08","Completed","5600"
"O1519","C007","2024-11-08","Completed","45000"
"O1520","C008","2024-11-09","Completed","5500"
"O1521","C036","2024-11-09","Completed","17100"
"O1522","C075","2024-11-09","Completed","18700"
"O1523","C076","2024-11-09","Completed","45000"
"O1524","C079","2024-11-09","Completed","15000"
"O1525","C099","2024-11-10","Completed","5100"
"O1526","C055","2024-11-10","Completed","18700"
"O1527","C002","2024-11-10","Completed","10200"
"O1528","C021","2024-11-10","Completed","6650"
"O1529","C109","2024-11-10","Completed","12600"
"O1530","C115","2024-11-11","Completed","2975"
"O1531","C005","2024-11-11","Completed","5500"
"O1532","C046","2024-11-11","Completed","22000"
"O1533","C009","2024-11-11","Completed","12000"
"O1534","C041","2024-11-11","Completed","22000"
"O1535","C051","2024-11-11","Completed","16200"
"O1536","C091","2024-11-12","Completed","11000"
"O1537","C108","2024-11-12","Completed","3500"
"O1538","C072","2024-11-12","Completed","12600"
"O1539","C103","2024-11-12","Completed","5950"
"O1540","C056","2024-11-12","Completed","2200"
"O1541","C005","2024-11-13","Completed","600"
"O1542","C022","2024-11-13","Completed","12000"
"O1543","C022","2024-11-13","Completed","38250"
"O1544","C117","2024-11-13","Completed","11000"
"O1545","C040","2024-11-13","Completed","12600"
"O1546","C007","2024-11-14","Completed","1140"
"O1547","C109","2024-11-14","Completed","14250"
"O1548","C038","2024-11-14","Completed","20900"
"O1549","C017","2024-11-14","Completed","22000"
"O1550","C056","2024-11-14","Completed","2800"
"O1551","C004","2024-11-14","Completed","1200"
"O1552","C072","2024-11-15","Completed","15000"
"O1553","C015","2024-11-15","Completed","13500"
"O1554","C113","2024-11-15","Completed","5100"
"O1555","C028","2024-11-15","Completed","2520"
"O1556","C011","2024-11-15","Completed","10200"
"O1557","C049","2024-11-16","Completed","22000"
"O1558","C076","2024-11-16","Completed","5600"
"O1559","C108","2024-11-16","Completed","900"
"O1560","C101","2024-11-16","Completed","3150"
"O1561","C105","2024-11-16","Completed","900"
"O1562","C041","2024-11-17","Completed","11400"
"O1563","C021","2024-11-17","Completed","1400"
"O1564","C005","2024-11-17","Completed","14000"
"O1565","C049","2024-11-17","Completed","14000"
"O1566","C049","2024-11-17","Completed","7000"
"O1567","C021","2024-11-17","Completed","11400"
"O1568","C065","2024-11-18","Completed","20900"
"O1569","C018","2024-11-18","Completed","45000"
"O1570","C001","2024-11-18","Completed","17100"
"O1571","C048","2024-11-18","Completed","2975"
"O1572","C020","2024-11-18","Completed","2160"
"O1573","C089","2024-11-19","Completed","5500"
"O1574","C099","2024-11-19","Completed","12000"
"O1575","C089","2024-11-19","Completed","42750"
"O1576","C046","2024-11-19","Completed","6650"
"O1577","C018","2024-11-19","Completed","40500"
"O1578","C111","2024-11-20","Completed","6000"
"O1579","C037","2024-11-20","Completed","2380"
"O1580","C034","2024-11-20","Completed","11900"
"O1581","C104","2024-11-20","Completed","600"
"O1582","C087","2024-11-20","Completed","3420"
"O1583","C009","2024-11-21","Completed","950"
"O1584","C023","2024-11-21","Completed","2200"
"O1585","C029","2024-11-21","Completed","6300"
"O1586","C002","2024-11-21","Completed","13500"
"O1587","C001","2024-11-21","Completed","14000"
"O1588","C006","2024-11-21","Completed","17100"
"O1589","C031","2024-11-22","Completed","1050"
"O1590","C011","2024-11-22","Completed","4760"
"O1591","C017","2024-11-22","Completed","3325"
"O1592","C093","2024-11-22","Completed","45000"
"O1593","C096","2024-11-22","Completed","19800"
"O1594","C113","2024-11-23","Completed","13500"
"O1595","C022","2024-11-23","Completed","2800"
"O1596","C115","2024-11-23","Completed","20900"
"O1597","C065","2024-11-23","Completed","500"
"O1598","C031","2024-11-23","Completed","12750"
"O1599","C095","2024-11-24","Completed","16200"
"O1600","C004","2024-11-24","Completed","600"
"O1601","C043","2024-11-24","Completed","5100"
"O1602","C109","2024-11-24","Completed","42750"
"O1603","C092","2024-11-24","Completed","15300"
"O1604","C115","2024-11-24","Completed","20900"
"O1605","C024","2024-11-25","Completed","3150"
"O1606","C077","2024-11-25","Completed","12600"
"O1607","C012","2024-11-25","Completed","1200"
"O1608","C021","2024-11-25","Completed","4675"
"O1609","C039","2024-11-25","Completed","1050"
"O1610","C023","2024-11-26","Completed","7000"
"O1611","C007","2024-11-26","Completed","285"
"O1612","C015","2024-11-26","Completed","22000"
"O1613","C005","2024-11-26","Completed","22000"
"O1614","C024","2024-11-26","Completed","5500"
"O1615","C080","2024-11-27","Completed","2800"
"O1616","C044","2024-11-27","Completed","3500"
"O1617","C066","2024-11-27","Completed","5320"
"O1618","C005","2024-11-27","Completed","38250"
"O1619","C005","2024-11-27","Completed","12600"
"O1620","C063","2024-11-27","Completed","18700"
"O1621","C112","2024-11-28","Completed","3325"
"O1622","C020","2024-11-28","Completed","238"
"O1623","C092","2024-11-28","Completed","4760"
"O1624","C021","2024-11-28","Completed","14250"
"O1625","C100","2024-11-28","Completed","9350"
"O1626","C022","2024-11-29","Completed","11000"
"O1627","C031","2024-11-29","Completed","720"
"O1628","C008","2024-11-29","Completed","22000"
"O1629","C070","2024-11-29","Completed","5950"
"O1630","C066","2024-11-29","Completed","14000"
"O1631","C018","2024-11-30","Completed","40500"
"O1632","C096","2024-11-30","Completed","40500"
"O1633","C105","2024-11-30","Completed","14000"
"O1634","C110","2024-11-30","Completed","20900"
"O1635","C089","2024-11-30","Completed","22000"
"O1636","C105","2024-12-01","Completed","18000"
"O1637","C003","2024-12-01","Completed","3500"
"O1638","C013","2024-12-01","Completed","10800"
"O1639","C011","2024-12-01","Completed","510"
"O1640","C006","2024-12-01","Completed","12000"
"O1641","C006","2024-12-01","Completed","22000"
"O1642","C001","2024-12-02","Completed","11900"
"O1643","C032","2024-12-02","Completed","15000"
"O1644","C021","2024-12-02","Completed","510"
"O1645","C023","2024-12-02","Completed","19800"
"O1646","C003","2024-12-02","Completed","14000"
"O1647","C039","2024-12-03","Completed","12000"
"O1648","C114","2024-12-03","Completed","15000"
"O1649","C049","2024-12-03","Completed","12000"
"O1650","C076","2024-12-03","Completed","12000"
"O1651","C113","2024-12-03","Completed","3500"
"O1652","C075","2024-12-04","Completed","12000"
"O1653","C031","2024-12-04","Completed","5950"
"O1654","C095","2024-12-04","Completed","45000"
"O1655","C104","2024-12-04","Completed","42750"
"O1656","C073","2024-12-04","Completed","15000"
"O1657","C004","2024-12-04","Completed","5500"
"O1658","C025","2024-12-05","Completed","14250"
"O1659","C010","2024-12-05","Completed","42750"
"O1660","C063","2024-12-05","Completed","3600"
"O1661","C058","2024-12-05","Completed","10200"
"O1662","C022","2024-12-05","Completed","18000"
"O1663","C055","2024-12-06","Completed","5225"
"O1664","C019","2024-12-06","Completed","9350"
"O1665","C006","2024-12-06","Completed","6300"
"O1666","C099","2024-12-06","Completed","11400"
"O1667","C038","2024-12-06","Completed","7000"
"O1668","C047","2024-12-07","Completed","11400"
"O1669","C029","2024-12-07","Completed","6300"
"O1670","C069","2024-12-07","Completed","17100"
"O1671","C054","2024-12-07","Completed","11400"
"O1672","C006","2024-12-07","Completed","1050"
"O1673","C029","2024-12-07","Completed","10200"
"O1674","C012","2024-12-08","Completed","5225"
"O1675","C018","2024-12-08","Completed","18000"
"O1676","C045","2024-12-08","Completed","12600"
"O1677","C016","2024-12-08","Completed","19800"
"O1678","C032","2024-12-08","Completed","15000"
"O1679","C038","2024-12-09","Completed","7000"
"O1680","C072","2024-12-09","Completed","40500"
"O1681","C110","2024-12-09","Completed","14250"
"O1682","C055","2024-12-09","Completed","45000"
"O1683","C109","2024-12-09","Completed","20900"
"O1684","C018","2024-12-10","Completed","7000"
"O1685","C045","2024-12-10","Completed","5100"
"O1686","C090","2024-12-10","Completed","40500"
"O1687","C005","2024-12-10","Completed","14000"
"O1688","C033","2024-12-10","Completed","42750"
"O1689","C103","2024-12-10","Completed","5225"
"O1690","C097","2024-12-11","Completed","42750"
"O1691","C012","2024-12-11","Completed","10800"
"O1692","C119","2024-12-11","Completed","16200"
"O1693","C119","2024-12-11","Completed","9900"
"O1694","C064","2024-12-11","Completed","3500"
"O1695","C007","2024-12-12","Completed","638"
"O1696","C097","2024-12-12","Completed","14000"
"O1697","C083","2024-12-12","Completed","1080"
"O1698","C071","2024-12-12","Completed","15000"
"O1699","C022","2024-12-12","Completed","10800"
"O1700","C014","2024-12-13","Completed","14000"
"O1701","C022","2024-12-13","Completed","5700"
"O1702","C033","2024-12-13","Completed","5225"
"O1703","C004","2024-12-13","Completed","3200"
"O1704","C043","2024-12-13","Completed","14250"
"O1705","C053","2024-12-13","Completed","4760"
"O1706","C068","2024-12-14","Completed","45000"
"O1707","C093","2024-12-14","Completed","9350"
"O1708","C067","2024-12-14","Completed","3500"
"O1709","C058","2024-12-14","Completed","665"
"O1710","C026","2024-12-14","Completed","11900"
"O1711","C114","2024-12-15","Completed","5500"
"O1712","C118","2024-12-15","Completed","38250"
"O1713","C077","2024-12-15","Completed","15000"
"O1714","C091","2024-12-15","Completed","1600"
"O1715","C041","2024-12-15","Completed","12000"
"O1716","C018","2024-12-16","Completed","18000"
"O1717","C026","2024-12-16","Completed","12600"
"O1718","C092","2024-12-16","Completed","15000"
"O1719","C108","2024-12-16","Completed","1800"
"O1720","C019","2024-12-16","Completed","5100"
"O1721","C072","2024-12-16","Completed","2800"
"O1722","C076","2024-12-17","Completed","12000"
"O1723","C005","2024-12-17","Completed","14000"
"O1724","C112","2024-12-17","Completed","3500"
"O1725","C081","2024-12-17","Completed","5600"
"O1726","C090","2024-12-17","Completed","5400"
"O1727","C055","2024-12-18","Completed","3600"
"O1728","C062","2024-12-18","Completed","1600"
"O1729","C111","2024-12-18","Completed","1400"
"O1730","C032","2024-12-18","Completed","14000"
"O1731","C060","2024-12-18","Completed","38250"
"O1732","C073","2024-12-19","Completed","19800"
"O1733","C003","2024-12-19","Completed","16200"
"O1734","C055","2024-12-19","Completed","11400"
"O1735","C035","2024-12-19","Completed","1140"
"O1736","C057","2024-12-19","Completed","10200"
"O1737","C036","2024-12-19","Completed","13300"
"O1738","C010","2024-12-20","Completed","42750"
"O1739","C023","2024-12-20","Completed","1710"
"O1740","C031","2024-12-20","Completed","3500"
"O1741","C034","2024-12-20","Completed","3500"
"O1742","C051","2024-12-20","Completed","855"
"O1743","C038","2024-12-21","Completed","2660"
"O1744","C117","2024-12-21","Completed","2880"
"O1745","C076","2024-12-21","Completed","760"
"O1746","C039","2024-12-21","Completed","893"
"O1747","C107","2024-12-21","Completed","17100"
"O1748","C047","2024-12-22","Completed","14000"
"O1749","C045","2024-12-22","Completed","18000"
"O1750","C015","2024-12-22","Completed","6000"
"O1751","C006","2024-12-22","Completed","1080"
"O1752","C019","2024-12-22","Completed","22000"
"O1753","C048","2024-12-22","Completed","17100"
"O1754","C060","2024-12-23","Completed","5100"
"O1755","C055","2024-12-23","Completed","12600"
"O1756","C020","2024-12-23","Completed","12000"
"O1757","C006","2024-12-23","Completed","14000"
"O1758","C012","2024-12-23","Completed","2800"
"O1759","C009","2024-12-24","Completed","2800"
"O1760","C024","2024-12-24","Completed","300"
"O1761","C069","2024-12-24","Completed","5950"
"O1762","C021","2024-12-24","Completed","45000"
"O1763","C020","2024-12-24","Completed","5320"
"O1764","C120","2024-12-25","Completed","2800"
"O1765","C030","2024-12-25","Completed","13300"
"O1766","C020","2024-12-25","Completed","6300"
"O1767","C063","2024-12-25","Completed","14000"
"O1768","C018","2024-12-25","Completed","13300"
"O1769","C002","2024-12-25","Completed","1200"
"O1770","C022","2024-12-26","Completed","18000"
"O1771","C066","2024-12-26","Completed","2160"
"O1772","C109","2024-12-26","Completed","5500"
"O1773","C064","2024-12-26","Completed","5320"
"O1774","C084","2024-12-26","Completed","11400"
"O1775","C026","2024-12-27","Completed","760"
"O1776","C036","2024-12-27","Completed","3500"
"O1777","C053","2024-12-27","Completed","42750"
"O1778","C092","2024-12-27","Completed","38250"
"O1779","C084","2024-12-27","Completed","1140"
"O1780","C015","2024-12-28","Completed","45000"
"O1781","C064","2024-12-28","Completed","3500"
"O1782","C092","2024-12-28","Completed","38250"
"O1783","C009","2024-12-28","Completed","495"
"O1784","C023","2024-12-28","Completed","5500"
"O1785","C025","2024-12-28","Completed","12000"
"O1786","C025","2024-12-29","Completed","213"
"O1787","C005","2024-12-29","Completed","6650"
"O1788","C091","2024-12-29","Completed","750"
"O1789","C022","2024-12-29","Completed","18000"
"O1790","C072","2024-12-29","Completed","3150"
"O1791","C066","2024-12-30","Completed","2880"
"O1792","C008","2024-12-30","Completed","1800"
"O1793","C003","2024-12-30","Completed","2520"
"O1794","C099","2024-12-30","Completed","9900"
"O1795","C099","2024-12-30","Completed","10200"
"O1796","C014","2024-12-31","Completed","5950"
"O1797","C027","2024-12-31","Completed","1080"
"O1798","C072","2024-12-31","Completed","40500"
"O1799","C003","2024-12-31","Completed","238"
"O1800","C063","2024-12-31","Completed","18700"